[2J[01;01H[=3h[2J[01;01H[2J[01;01H[=3h[2J[01;01HCSM BBS Table full.
BdsDxe: loading Boot0003 "ubuntu" from PciRoot(0x0)/Pci(0x7,0x0)/NVMe(0x1,00-00-00-00-00-00-00-00)/HD(15,GPT,7291D221-03E4-4369-A983-06FDEE0CAB58,0x2800,0x35000)/\EFI\ubuntu\shimx64.efi
BdsDxe: starting Boot0003 "ubuntu" from PciRoot(0x0)/Pci(0x7,0x0)/NVMe(0x1,00-00-00-00-00-00-00-00)/HD(15,GPT,7291D221-03E4-4369-A983-06FDEE0CAB58,0x2800,0x35000)/\EFI\ubuntu\shimx64.efi

UEFI: Attempting to start image.
Description: ubuntu
FilePath: PciRoot(0x0)/Pci(0x7,0x0)/NVMe(0x1,00-00-00-00-00-00-00-00)/HD(15,GPT,7291D221-03E4-4369-A983-06FDEE0CAB58,0x2800,0x35000)/\EFI\ubuntu\shimx64.efi
OptionNumber: 3.

[H[J[1;1HGRUB_FORCE_PARTUUID set, attempting initrdless boot.
[    0.000000] Linux version 6.8.0-1064-gcp (buildd@lcy02-amd64-112) (x86_64-linux-gnu-gcc-12 (Ubuntu 12.3.0-1ubuntu1~22.04.3) 12.3.0, GNU ld (GNU Binutils for Ubuntu) 2.38) #72~22.04.1-Ubuntu SMP Sat Jul 11 00:27:00 UTC 2026 (Ubuntu 6.8.0-1064.72~22.04.1-gcp 6.8.12)
[    0.000000] Command line: BOOT_IMAGE=/boot/vmlinuz-6.8.0-1064-gcp root=PARTUUID=e0dbb2a2-f0fc-4519-a48b-ad43aa589ee1 ro console=ttyS0,115200 idle=poll transparent_hugepage=always intel_iommu=on,sm_on iommu.passthrough=0 panic=-1
[    0.000000] KERNEL supported cpus:
[    0.000000]   Intel GenuineIntel
[    0.000000]   AMD AuthenticAMD
[    0.000000]   Hygon HygonGenuine
[    0.000000]   Centaur CentaurHauls
[    0.000000]   zhaoxin   Shanghai  
[    0.000000] [Firmware Bug]: TSC doesn't count with P0 frequency!
[    0.000000] BIOS-provided physical RAM map:
[    0.000000] BIOS-e820: [mem 0x0000000000000000-0x0000000000000fff] reserved
[    0.000000] BIOS-e820: [mem 0x0000000000001000-0x0000000000054fff] usable
[    0.000000] BIOS-e820: [mem 0x0000000000055000-0x000000000005ffff] reserved
[    0.000000] BIOS-e820: [mem 0x0000000000060000-0x0000000000097fff] usable
[    0.000000] BIOS-e820: [mem 0x0000000000098000-0x000000000009ffff] reserved
[    0.000000] BIOS-e820: [mem 0x0000000000100000-0x00000000bd01bfff] usable
[    0.000000] BIOS-e820: [mem 0x00000000bd01c000-0x00000000bd024fff] ACPI data
[    0.000000] BIOS-e820: [mem 0x00000000bd025000-0x00000000bf6ecfff] usable
[    0.000000] BIOS-e820: [mem 0x00000000bf6ed000-0x00000000bf96cfff] reserved
[    0.000000] BIOS-e820: [mem 0x00000000bf96d000-0x00000000bf97efff] ACPI data
[    0.000000] BIOS-e820: [mem 0x00000000bf97f000-0x00000000bf9fefff] ACPI NVS
[    0.000000] BIOS-e820: [mem 0x00000000bf9ff000-0x00000000bffdffff] usable
[    0.000000] BIOS-e820: [mem 0x00000000bffe0000-0x00000000bfffffff] reserved
[    0.000000] BIOS-e820: [mem 0x0000000100000000-0x0000002c3fffffff] usable
[    0.000000] process: using polling idle threads
[    0.000000] NX (Execute Disable) protection: active
[    0.000000] APIC: Static calls initialized
[    0.000000] efi: EFI v2.7 by EDK II
[    0.000000] efi: TPMFinalLog=0xbf9f7000 ACPI=0xbf97e000 ACPI 2.0=0xbf97e014 SMBIOS=0xbf7ca000 MEMATTR=0xbd025018 MOKvar=0xbf7c8000 RNG=0xbf971018 TPMEventLog=0xbd01c018 
[    0.000000] random: crng init done
[    0.000000] secureboot: Secure boot disabled
[    0.000000] SMBIOS 2.4 present.
[    0.000000] DMI: Google Google Compute Engine/Google Compute Engine, BIOS Google 03/18/2026
[    0.000000] Hypervisor detected: KVM
[    0.000000] kvm-clock: Using msrs 4b564d01 and 4b564d00
[    0.000000] kvm-clock: using sched offset of 9341783423 cycles
[    0.000002] clocksource: kvm-clock: mask: 0xffffffffffffffff max_cycles: 0x1cd42e4dffb, max_idle_ns: 881590591483 ns
[    0.000005] tsc: Detected 2599.996 MHz processor
[    0.000068] last_pfn = 0x2c40000 max_arch_pfn = 0x400000000
[    0.000096] MTRR map: 3 entries (2 fixed + 1 variable; max 18), built from 8 variable MTRRs
[    0.000099] x86/PAT: Configuration [0-7]: WB  WC  UC- UC  WB  WP  UC- WT  
[    0.000137] last_pfn = 0xbffe0 max_arch_pfn = 0x400000000
[    0.004718] Using GB pages for direct mapping
[    0.004914] secureboot: Secure boot disabled
[    0.004917] ACPI: Early table checksum verification disabled
[    0.004920] ACPI: RSDP 0x00000000BF97E014 000024 (v02 Google)
[    0.004924] ACPI: XSDT 0x00000000BF97D0E8 000064 (v01 Google GOOGFACP 00000001      01000013)
[    0.004929] ACPI: FACP 0x00000000BF978000 0000F4 (v02 Google GOOGFACP 00000001 GOOG 00000001)
[    0.004934] ACPI: DSDT 0x00000000BF979000 0019F1 (v01 Google GOOGDSDT 00000001 GOOG 00000001)
[    0.004937] ACPI: FACS 0x00000000BF9F1000 000040
[    0.004939] ACPI: SSDT 0x00000000BF97C000 000316 (v02 GOOGLE Tpm2Tabl 00001000 INTL 20250807)
[    0.004942] ACPI: TPM2 0x00000000BF97B000 000034 (v04 GOOGLE          00000001 GOOG 00000001)
[    0.004944] ACPI: SRAT 0x00000000BF977000 000368 (v03 Google GOOGSRAT 00000001 GOOG 00000001)
[    0.004947] ACPI: APIC 0x00000000BF976000 0001C6 (v05 Google GOOGAPIC 00000001 GOOG 00000001)
[    0.004949] ACPI: SSDT 0x00000000BF974000 001A2C (v01 Google GOOGSSDT 00000001 GOOG 00000001)
[    0.004951] ACPI: WAET 0x00000000BF973000 000028 (v01 Google GOOGWAET 00000001 GOOG 00000001)
[    0.004954] ACPI: IVRS 0x00000000BF972000 00004C (v01 Google GOOGIVRS 00000001 GOOG 00000001)
[    0.004956] ACPI: Reserving FACP table memory at [mem 0xbf978000-0xbf9780f3]
[    0.004957] ACPI: Reserving DSDT table memory at [mem 0xbf979000-0xbf97a9f0]
[    0.004958] ACPI: Reserving FACS table memory at [mem 0xbf9f1000-0xbf9f103f]
[    0.004959] ACPI: Reserving SSDT table memory at [mem 0xbf97c000-0xbf97c315]
[    0.004960] ACPI: Reserving TPM2 table memory at [mem 0xbf97b000-0xbf97b033]
[    0.004960] ACPI: Reserving SRAT table memory at [mem 0xbf977000-0xbf977367]
[    0.004961] ACPI: Reserving APIC table memory at [mem 0xbf976000-0xbf9761c5]
[    0.004962] ACPI: Reserving SSDT table memory at [mem 0xbf974000-0xbf975a2b]
[    0.004962] ACPI: Reserving WAET table memory at [mem 0xbf973000-0xbf973027]
[    0.004963] ACPI: Reserving IVRS table memory at [mem 0xbf972000-0xbf97204b]
[    0.005027] SRAT: PXM 0 -> APIC 0x00 -> Node 0
[    0.005028] SRAT: PXM 0 -> APIC 0x01 -> Node 0
[    0.005029] SRAT: PXM 0 -> APIC 0x02 -> Node 0
[    0.005029] SRAT: PXM 0 -> APIC 0x03 -> Node 0
[    0.005030] SRAT: PXM 0 -> APIC 0x04 -> Node 0
[    0.005031] SRAT: PXM 0 -> APIC 0x05 -> Node 0
[    0.005031] SRAT: PXM 0 -> APIC 0x06 -> Node 0
[    0.005032] SRAT: PXM 0 -> APIC 0x07 -> Node 0
[    0.005032] SRAT: PXM 0 -> APIC 0x08 -> Node 0
[    0.005033] SRAT: PXM 0 -> APIC 0x09 -> Node 0
[    0.005034] SRAT: PXM 0 -> APIC 0x0a -> Node 0
[    0.005034] SRAT: PXM 0 -> APIC 0x0b -> Node 0
[    0.005035] SRAT: PXM 0 -> APIC 0x0c -> Node 0
[    0.005035] SRAT: PXM 0 -> APIC 0x0d -> Node 0
[    0.005036] SRAT: PXM 0 -> APIC 0x0e -> Node 0
[    0.005037] SRAT: PXM 0 -> APIC 0x0f -> Node 0
[    0.005037] SRAT: PXM 0 -> APIC 0x10 -> Node 0
[    0.005038] SRAT: PXM 0 -> APIC 0x11 -> Node 0
[    0.005039] SRAT: PXM 0 -> APIC 0x12 -> Node 0
[    0.005039] SRAT: PXM 0 -> APIC 0x13 -> Node 0
[    0.005040] SRAT: PXM 0 -> APIC 0x14 -> Node 0
[    0.005041] SRAT: PXM 0 -> APIC 0x15 -> Node 0
[    0.005041] SRAT: PXM 0 -> APIC 0x16 -> Node 0
[    0.005042] SRAT: PXM 0 -> APIC 0x17 -> Node 0
[    0.005043] SRAT: PXM 0 -> APIC 0x18 -> Node 0
[    0.005043] SRAT: PXM 0 -> APIC 0x19 -> Node 0
[    0.005044] SRAT: PXM 0 -> APIC 0x1a -> Node 0
[    0.005044] SRAT: PXM 0 -> APIC 0x1b -> Node 0
[    0.005045] SRAT: PXM 0 -> APIC 0x1c -> Node 0
[    0.005046] SRAT: PXM 0 -> APIC 0x1d -> Node 0
[    0.005046] SRAT: PXM 0 -> APIC 0x20 -> Node 0
[    0.005047] SRAT: PXM 0 -> APIC 0x21 -> Node 0
[    0.005048] SRAT: PXM 0 -> APIC 0x22 -> Node 0
[    0.005048] SRAT: PXM 0 -> APIC 0x23 -> Node 0
[    0.005049] SRAT: PXM 0 -> APIC 0x24 -> Node 0
[    0.005049] SRAT: PXM 0 -> APIC 0x25 -> Node 0
[    0.005050] SRAT: PXM 0 -> APIC 0x26 -> Node 0
[    0.005051] SRAT: PXM 0 -> APIC 0x27 -> Node 0
[    0.005051] SRAT: PXM 0 -> APIC 0x28 -> Node 0
[    0.005052] SRAT: PXM 0 -> APIC 0x29 -> Node 0
[    0.005053] SRAT: PXM 0 -> APIC 0x2a -> Node 0
[    0.005053] SRAT: PXM 0 -> APIC 0x2b -> Node 0
[    0.005054] SRAT: PXM 0 -> APIC 0x2c -> Node 0
[    0.005054] SRAT: PXM 0 -> APIC 0x2d -> Node 0
[    0.005056] ACPI: SRAT: Node 0 PXM 0 [mem 0x00000000-0x0009ffff]
[    0.005058] ACPI: SRAT: Node 0 PXM 0 [mem 0x00100000-0xbfffffff]
[    0.005059] ACPI: SRAT: Node 0 PXM 0 [mem 0x100000000-0x2c3fffffff]
[    0.005062] NUMA: Node 0 [mem 0x00000000-0x0009ffff] + [mem 0x00100000-0xbfffffff] -> [mem 0x00000000-0xbfffffff]
[    0.005064] NUMA: Node 0 [mem 0x00000000-0xbfffffff] + [mem 0x100000000-0x2c3fffffff] -> [mem 0x00000000-0x2c3fffffff]
[    0.005071] NODE_DATA(0) allocated [mem 0x2c3ffd5000-0x2c3fffffff]
[    0.005383] Zone ranges:
[    0.005384]   DMA      [mem 0x0000000000001000-0x0000000000ffffff]
[    0.005386]   DMA32    [mem 0x0000000001000000-0x00000000ffffffff]
[    0.005387]   Normal   [mem 0x0000000100000000-0x0000002c3fffffff]
[    0.005389]   Device   empty
[    0.005390] Movable zone start for each node
[    0.005391] Early memory node ranges
[    0.005392]   node   0: [mem 0x0000000000001000-0x0000000000054fff]
[    0.005393]   node   0: [mem 0x0000000000060000-0x0000000000097fff]
[    0.005394]   node   0: [mem 0x0000000000100000-0x00000000bd01bfff]
[    0.005395]   node   0: [mem 0x00000000bd025000-0x00000000bf6ecfff]
[    0.005396]   node   0: [mem 0x00000000bf9ff000-0x00000000bffdffff]
[    0.005396]   node   0: [mem 0x0000000100000000-0x0000002c3fffffff]
[    0.005410] Initmem setup node 0 [mem 0x0000000000001000-0x0000002c3fffffff]
[    0.005417] On node 0, zone DMA: 1 pages in unavailable ranges
[    0.005419] On node 0, zone DMA: 11 pages in unavailable ranges
[    0.005431] On node 0, zone DMA: 104 pages in unavailable ranges
[    0.007508] On node 0, zone DMA32: 9 pages in unavailable ranges
[    0.007519] On node 0, zone DMA32: 786 pages in unavailable ranges
[    0.130885] On node 0, zone Normal: 32 pages in unavailable ranges
[    0.131185] ACPI: PM-Timer IO Port: 0xb008
[    0.131201] ACPI: LAPIC_NMI (acpi_id[0xff] dfl dfl lint[0x1])
[    0.131253] IOAPIC[0]: apic_id 0, version 17, address 0xfec00000, GSI 0-23
[    0.131256] ACPI: INT_SRC_OVR (bus 0 bus_irq 5 global_irq 5 high level)
[    0.131258] ACPI: INT_SRC_OVR (bus 0 bus_irq 9 global_irq 9 high level)
[    0.131259] ACPI: INT_SRC_OVR (bus 0 bus_irq 10 global_irq 10 high level)
[    0.131260] ACPI: INT_SRC_OVR (bus 0 bus_irq 11 global_irq 11 high level)
[    0.131264] ACPI: Using ACPI (MADT) for SMP configuration information
[    0.131265] smpboot: Allowing 44 CPUs, 0 hotplug CPUs
[    0.131287] PM: hibernation: Registered nosave memory: [mem 0x00000000-0x00000fff]
[    0.131289] PM: hibernation: Registered nosave memory: [mem 0x00055000-0x0005ffff]
[    0.131290] PM: hibernation: Registered nosave memory: [mem 0x00098000-0x000fffff]
[    0.131291] PM: hibernation: Registered nosave memory: [mem 0xbd01c000-0xbd024fff]
[    0.131292] PM: hibernation: Registered nosave memory: [mem 0xbf6ed000-0xbf9fefff]
[    0.131294] PM: hibernation: Registered nosave memory: [mem 0xbffe0000-0xffffffff]
[    0.131296] [mem 0xc0000000-0xffffffff] available for PCI devices
[    0.131297] Booting paravirtualized kernel on KVM
[    0.131299] clocksource: refined-jiffies: mask: 0xffffffff max_cycles: 0xffffffff, max_idle_ns: 1910969940391419 ns
[    0.131307] setup_percpu: NR_CPUS:8192 nr_cpumask_bits:44 nr_cpu_ids:44 nr_node_ids:1
[    0.132542] percpu: Embedded 85 pages/cpu s225280 r8192 d114688 u524288
[    0.132600] kvm-guest: PV spinlocks enabled
[    0.132603] PV qspinlock hash table entries: 256 (order: 0, 4096 bytes, linear)
[    0.132605] Kernel command line: BOOT_IMAGE=/boot/vmlinuz-6.8.0-1064-gcp root=PARTUUID=e0dbb2a2-f0fc-4519-a48b-ad43aa589ee1 ro console=ttyS0,115200 idle=poll transparent_hugepage=always intel_iommu=on,sm_on iommu.passthrough=0 panic=-1
[    0.132675] DMAR: IOMMU enabled
[    0.132676] DMAR: Enable scalable mode if hardware supports
[    0.132699] printk: log_buf_len individual max cpu contribution: 4096 bytes
[    0.132700] printk: log_buf_len total cpu_extra contributions: 176128 bytes
[    0.132701] printk: log_buf_len min size: 262144 bytes
[    0.132871] printk: log_buf_len: 524288 bytes
[    0.132872] printk: early log buf free: 250936(95%)
[    0.137339] Dentry cache hash table entries: 16777216 (order: 15, 134217728 bytes, linear)
[    0.139574] Inode-cache hash table entries: 8388608 (order: 14, 67108864 bytes, linear)
[    0.139863] Fallback order for Node 0: 0 
[    0.139869] Built 1 zonelists, mobility grouping on.  Total pages: 45413359
[    0.139871] Policy zone: Normal
[    0.139878] mem auto-init: stack:all(zero), heap alloc:on, heap free:off
[    0.140052] software IO TLB: area num 64.
[    0.376242] Memory: 181270484K/184545604K available (22528K kernel code, 4487K rwdata, 14272K rodata, 5076K init, 4588K bss, 3274860K reserved, 0K cma-reserved)
[    0.377375] SLUB: HWalign=64, Order=0-3, MinObjects=0, CPUs=44, Nodes=1
[    0.377403] ftrace: allocating 59359 entries in 232 pages
[    0.388933] ftrace: allocated 232 pages with 4 groups
[    0.389163] rcu: Hierarchical RCU implementation.
[    0.389164] rcu: 	RCU restricting CPUs from NR_CPUS=8192 to nr_cpu_ids=44.
[    0.389165] 	Rude variant of Tasks RCU enabled.
[    0.389166] 	Tracing variant of Tasks RCU enabled.
[    0.389167] rcu: RCU calculated value of scheduler-enlistment delay is 100 jiffies.
[    0.389168] rcu: Adjusting geometry for rcu_fanout_leaf=16, nr_cpu_ids=44
[    0.389189] RCU Tasks Rude: Setting shift to 6 and lim to 1 rcu_task_cb_adjust=1 rcu_task_cpu_ids=44.
[    0.389192] RCU Tasks Trace: Setting shift to 6 and lim to 1 rcu_task_cb_adjust=1 rcu_task_cpu_ids=44.
[    0.391990] NR_IRQS: 524544, nr_irqs: 776, preallocated irqs: 16
[    0.392247] rcu: srcu_init: Setting srcu_struct sizes based on contention.
[    0.392327] Console: colour dummy device 80x25
[    0.392377] printk: legacy console [ttyS0] enabled
[    0.527047] ACPI: Core revision 20230628
[    0.527605] APIC: Switch to symmetric I/O mode setup
[    0.528019] AMD-Vi: Using global IVHD EFR:0x0, EFR2:0x0
[    0.528629] AMD-Vi: [Firmware Bug]: : IOAPIC[0] not in IVRS table
[    0.529131] AMD-Vi: [Firmware Bug]: : No southbridge IOAPIC found
[    0.529635] AMD-Vi: Disabling interrupt remapping
[    0.530335] x2apic enabled
[    0.533063] APIC: Switched APIC routing to: physical x2apic
[    0.536779] ..TIMER: vector=0x30 apic1=0 pin1=0 apic2=-1 pin2=-1
[    0.537498] clocksource: tsc-early: mask: 0xffffffffffffffff max_cycles: 0x257a386c905, max_idle_ns: 440795250529 ns
[    0.538355] Calibrating delay loop (skipped) preset value.. 5199.99 BogoMIPS (lpj=2599996)
[    0.539439] x86/cpu: User Mode Instruction Prevention (UMIP) activated
[    0.540485] process: WARNING: polling idle and HT enabled, performance may degrade
[    0.541353] Last level iTLB entries: 4KB 512, 2MB 512, 4MB 256
[    0.541878] Last level dTLB entries: 4KB 3072, 2MB 3072, 4MB 1536, 1GB 0
[    0.542355] Spectre V1 : Mitigation: usercopy/swapgs barriers and __user pointer sanitization
[    0.543353] Spectre V2 : Mitigation: Retpolines
[    0.544352] Spectre V2 : Spectre v2 / SpectreRSB: Filling RSB on context switch and VMEXIT
[    0.544974] Spectre V2 : Enabling Restricted Speculation for firmware calls
[    0.545353] Spectre V2 : mitigation: Enabling conditional Indirect Branch Prediction Barrier
[    0.545949] Spectre V2 : User space: Mitigation: STIBP always-on protection
[    0.546353] Speculative Store Bypass: Mitigation: Speculative Store Bypass disabled via prctl
[    0.547352] active return thunk: srso_alias_return_thunk
[    0.547791] Speculative Return Stack Overflow: Mitigation: Safe RET
[    0.548352] Transient Scheduler Attacks: Mitigation: Clear CPU buffers
[    0.549371] x86/fpu: Supporting XSAVE feature 0x001: 'x87 floating point registers'
[    0.549935] x86/fpu: Supporting XSAVE feature 0x002: 'SSE registers'
[    0.550352] x86/fpu: Supporting XSAVE feature 0x004: 'AVX registers'
[    0.550803] x86/fpu: Supporting XSAVE feature 0x020: 'AVX-512 opmask'
[    0.551352] x86/fpu: Supporting XSAVE feature 0x040: 'AVX-512 Hi256'
[    0.552352] x86/fpu: Supporting XSAVE feature 0x080: 'AVX-512 ZMM_Hi256'
[    0.552828] x86/fpu: xstate_offset[2]:  576, xstate_sizes[2]:  256
[    0.553352] x86/fpu: xstate_offset[5]:  832, xstate_sizes[5]:   64
[    0.554352] x86/fpu: xstate_offset[6]:  896, xstate_sizes[6]:  512
[    0.555352] x86/fpu: xstate_offset[7]: 1408, xstate_sizes[7]: 1024
[    0.556352] x86/fpu: Enabled xstate features 0xe7, context size is 2432 bytes, using 'compacted' format.
[    0.589410] Freeing SMP alternatives memory: 48K
[    0.590048] pid_max: default: 45056 minimum: 352
[    0.597135] LSM: initializing lsm=lockdown,capability,landlock,yama,apparmor,integrity
[    0.597368] landlock: Up and running.
[    0.598352] Yama: becoming mindful.
[    0.599391] AppArmor: AppArmor initialized
[    0.599813] Mount-cache hash table entries: 262144 (order: 9, 2097152 bytes, linear)
[    0.600412] Mountpoint-cache hash table entries: 262144 (order: 9, 2097152 bytes, linear)
[    0.703936] smpboot: CPU0: AMD EPYC 9B14 (family: 0x19, model: 0x11, stepping: 0x1)
[    0.704618] Performance Events: PMU not available due to virtualization, using software events only.
[    0.705398] signal: max sigframe size: 3376
[    0.706357] rcu: Hierarchical SRCU implementation.
[    0.706847] rcu: 	Max phase no-delay instances is 400.
[    0.708841] NMI watchdog: Perf NMI watchdog permanently disabled
[    0.709657] smp: Bringing up secondary CPUs ...
[    0.710455] smpboot: x86: Booting SMP configuration:
[    0.710795] .... node  #0, CPUs:        #1  #2  #3  #4  #5  #6  #7  #8  #9 #10 #11 #12 #13 #14 #15 #16 #17 #18 #19 #20 #21 #22 #23 #24 #25 #26 #27 #28 #29 #30 #31 #32 #33 #34 #35 #36 #37 #38 #39 #40 #41 #42 #43
[    0.727572] Spectre V2 : Update user space SMT mitigation: STIBP always-on
[    0.737469] smp: Brought up 1 node, 44 CPUs
[    0.737839] smpboot: Max logical packages: 1
[    0.738354] smpboot: Total of 44 processors activated (228799.64 BogoMIPS)
[    0.745427] devtmpfs: initialized
[    0.745685] x86/mm: Memory block size: 1024MB
[    0.750784] ACPI: PM: Registering ACPI NVS region [mem 0xbf97f000-0xbf9fefff] (524288 bytes)
[    0.751481] clocksource: jiffies: mask: 0xffffffff max_cycles: 0xffffffff, max_idle_ns: 1911260446275000 ns
[    0.752414] futex hash table entries: 16384 (order: 8, 1048576 bytes, linear)
[    0.753502] pinctrl core: initialized pinctrl subsystem
[    0.754321] PM: RTC time: 15:02:20, date: 2026-07-25
[    0.754919] NET: Registered PF_NETLINK/PF_ROUTE protocol family
[    0.755655] DMA: preallocated 4096 KiB GFP_KERNEL pool for atomic allocations
[    0.756479] DMA: preallocated 4096 KiB GFP_KERNEL|GFP_DMA pool for atomic allocations
[    0.757471] DMA: preallocated 4096 KiB GFP_KERNEL|GFP_DMA32 pool for atomic allocations
[    0.758110] audit: initializing netlink subsys (disabled)
[    0.758373] audit: type=2000 audit(1784991740.230:1): state=initialized audit_enabled=0 res=1
[    0.758548] thermal_sys: Registered thermal governor 'fair_share'
[    0.759058] thermal_sys: Registered thermal governor 'bang_bang'
[    0.759354] thermal_sys: Registered thermal governor 'step_wise'
[    0.759876] thermal_sys: Registered thermal governor 'user_space'
[    0.760353] thermal_sys: Registered thermal governor 'power_allocator'
[    0.760821] cpuidle: using governor ladder
[    0.761372] cpuidle: using governor menu
[    0.764466] efi: Freeing EFI boot services memory: 58588K
[    0.765056] acpiphp: ACPI Hot Plug PCI Controller Driver version: 0.5
[    0.766560] PCI: Using configuration type 1 for base access
[    0.766996] PCI: Using configuration type 1 for extended access
[    0.767762] kprobes: kprobe jump-optimization is enabled. All kprobes are optimized if possible.
[    0.768438] HugeTLB: registered 1.00 GiB page size, pre-allocated 0 pages
[    0.769353] HugeTLB: 16380 KiB vmemmap can be freed for a 1.00 GiB page
[    0.769353] HugeTLB: registered 2.00 MiB page size, pre-allocated 0 pages
[    0.769902] HugeTLB: 28 KiB vmemmap can be freed for a 2.00 MiB page
[    0.798443] ACPI: Added _OSI(Module Device)
[    0.798874] ACPI: Added _OSI(Processor Device)
[    0.799269] ACPI: Added _OSI(Processor Aggregator Device)
[    0.804657] ACPI: 3 ACPI AML tables successfully acquired and loaded
[    0.807513] ACPI: _OSC evaluation for CPUs failed, trying _PDC
[    0.811693] ACPI: Interpreter enabled
[    0.812058] ACPI: PM: (supports S0 S3 S4 S5)
[    0.812353] ACPI: Using IOAPIC for interrupt routing
[    0.813225] PCI: Using host bridge windows from ACPI; if necessary, use "pci=nocrs" and report a bug
[    0.814352] PCI: Ignoring E820 reservations for host bridge windows
[    0.814759] ACPI: Enabled 16 GPEs in block 00 to 0F
[    0.825074] ACPI: PCI Root Bridge [PCI0] (domain 0000 [bus 00-ff])
[    0.825358] acpi PNP0A03:00: _OSC: OS supports [ExtendedConfig ASPM ClockPM Segments MSI EDR HPX-Type3]
[    0.827705] PCI host bridge to bus 0000:00
[    0.828023] pci_bus 0000:00: root bus resource [io  0x0000-0x0cf7 window]
[    0.828353] pci_bus 0000:00: root bus resource [io  0x0d00-0x0fff window]
[    0.828895] pci_bus 0000:00: root bus resource [io  0xc000-0xffff window]
[    0.830353] pci_bus 0000:00: root bus resource [io  0xa000-0xbfff window]
[    0.830905] pci_bus 0000:00: root bus resource [mem 0x000a0000-0x000bffff window]
[    0.831353] pci_bus 0000:00: root bus resource [mem 0xc0000000-0xfebfefff window]
[    0.831919] pci_bus 0000:00: root bus resource [mem 0x2d00000000-0x22c3fffffff window]
[    0.832355] pci_bus 0000:00: root bus resource [bus 00-ff]
[    0.832480] pci 0000:00:00.0: [8086:1237] type 00 class 0x060000 conventional PCI endpoint
[    0.835681] pci 0000:00:01.0: [8086:7110] type 00 class 0x060100 conventional PCI endpoint
[    0.840554] pci 0000:00:01.3: [8086:7113] type 00 class 0x068000 conventional PCI endpoint
[    0.845387] pci 0000:00:01.3: quirk: [io  0xb000-0xb03f] claimed by PIIX4 ACPI
[    0.846438] pci 0000:00:03.0: [1022:164f] type 00 class 0x080600 conventional PCI endpoint
[    0.851805] pci 0000:00:04.0: [1ae0:006f] type 00 class 0x120000 PCIe Endpoint
[    0.867370] pci 0000:00:04.0: BAR 0 [mem 0x2d00000000-0x2dffffffff 64bit pref]
[    0.868377] pci 0000:00:04.0: BAR 4 [mem 0x2e00000000-0x2e00ffffff 64bit pref]
[    0.868644] pci 0000:00:05.0: [1ae0:0042] type 00 class 0x020000 conventional PCI endpoint
[    0.880364] pci 0000:00:05.0: BAR 0 [mem 0xc0103000-0xc0103fff]
[    0.881359] pci 0000:00:05.0: BAR 1 [mem 0xc0100000-0xc01003ff]
[    0.882352] pci 0000:00:05.0: BAR 2 [mem 0xc0000000-0xc00fffff]
[    0.883630] pci 0000:00:06.0: [1af4:1005] type 00 class 0x00ff00 conventional PCI endpoint
[    0.894363] pci 0000:00:06.0: BAR 0 [io  0xc000-0xc01f]
[    0.895359] pci 0000:00:06.0: BAR 1 [mem 0xc0102000-0xc010203f]
[    0.896662] pci 0000:00:07.0: [1ae0:001f] type 00 class 0x010802 conventional PCI endpoint
[    0.908369] pci 0000:00:07.0: BAR 0 [mem 0x2e01000000-0x2e01003fff 64bit]
[    0.909352] pci 0000:00:07.0: BAR 4 [mem 0xc0101000-0xc010107f]
[    0.918122] ACPI: PCI: Interrupt link LNKA configured for IRQ 10
[    0.920391] ACPI: PCI: Interrupt link LNKB configured for IRQ 10
[    0.922455] ACPI: PCI: Interrupt link LNKC configured for IRQ 11
[    0.924454] ACPI: PCI: Interrupt link LNKD configured for IRQ 11
[    0.926386] ACPI: PCI: Interrupt link LNKS configured for IRQ 9
[    0.934395] iommu: Default domain type: Translated (set via kernel command line)
[    0.935353] iommu: DMA domain TLB invalidation policy: lazy mode
[    0.936596] SCSI subsystem initialized
[    0.937389] ACPI: bus type USB registered
[    0.938375] usbcore: registered new interface driver usbfs
[    0.939366] usbcore: registered new interface driver hub
[    0.939373] usbcore: registered new device driver usb
[    0.940150] pps_core: LinuxPPS API ver. 1 registered
[    0.941352] pps_core: Software ver. 5.3.6 - Copyright 2005-2007 Rodolfo Giometti <giometti@linux.it>
[    0.942356] PTP clock support registered
[    0.943392] EDAC MC: Ver: 3.0.0
[    0.944579] efivars: Registered efivars operations
[    0.945769] NetLabel: Initializing
[    0.945769] NetLabel:  domain hash size = 128
[    0.945981] NetLabel:  protocols = UNLABELED CIPSOv4 CALIPSO
[    0.947378] NetLabel:  unlabeled traffic allowed by default
[    0.948382] mctp: management component transport protocol core
[    0.948382] NET: Registered PF_MCTP protocol family
[    0.949065] PCI: Using ACPI for IRQ routing
[    0.950359] vgaarb: loaded
[    0.950696] clocksource: Switched to clocksource kvm-clock
[    0.951375] VFS: Disk quotas dquot_6.6.0
[    0.952039] VFS: Dquot-cache hash table entries: 512 (order 0, 4096 bytes)
[    0.953211] AppArmor: AppArmor Filesystem Enabled
[    0.953803] pnp: PnP ACPI init
[    0.955046] pnp: PnP ACPI: found 7 devices
[    0.961839] clocksource: acpi_pm: mask: 0xffffff max_cycles: 0xffffff, max_idle_ns: 2085701024 ns
[    0.963153] NET: Registered PF_INET protocol family
[    0.963975] IP idents hash table entries: 262144 (order: 9, 2097152 bytes, linear)
[    0.984205] tcp_listen_portaddr_hash hash table entries: 65536 (order: 8, 1048576 bytes, linear)
[    0.985979] Table-perturb hash table entries: 65536 (order: 6, 262144 bytes, linear)
[    0.987162] TCP established hash table entries: 524288 (order: 10, 4194304 bytes, linear)
[    0.988757] TCP bind hash table entries: 65536 (order: 9, 2097152 bytes, linear)
[    0.989806] TCP: Hash tables configured (established 524288 bind 65536)
[    0.990744] MPTCP token hash table entries: 65536 (order: 9, 1572864 bytes, linear)
[    0.992029] UDP hash table entries: 65536 (order: 9, 2097152 bytes, linear)
[    0.993119] UDP-Lite hash table entries: 65536 (order: 9, 2097152 bytes, linear)
[    0.994430] NET: Registered PF_UNIX/PF_LOCAL protocol family
[    0.995366] NET: Registered PF_XDP protocol family
[    0.996174] pci_bus 0000:00: resource 4 [io  0x0000-0x0cf7 window]
[    0.997233] pci_bus 0000:00: resource 5 [io  0x0d00-0x0fff window]
[    0.998097] pci_bus 0000:00: resource 6 [io  0xc000-0xffff window]
[    0.998838] pci_bus 0000:00: resource 7 [io  0xa000-0xbfff window]
[    0.999505] pci_bus 0000:00: resource 8 [mem 0x000a0000-0x000bffff window]
[    1.000458] pci_bus 0000:00: resource 9 [mem 0xc0000000-0xfebfefff window]
[    1.001227] pci_bus 0000:00: resource 10 [mem 0x2d00000000-0x22c3fffffff window]
[    1.002299] pci 0000:00:00.0: Limiting direct PCI/PCI transfers
[    1.003343] PCI: CLS 0 bytes, default 64
[    1.004567] AMD-Vi: Using strict mode due to virtualization
[    1.005331] pci 0000:00:04.0: Adding to iommu group 0
[    1.012692] PCI-DMA: Using software bounce buffering for IO (SWIOTLB)
[    1.013771] software IO TLB: mapped [mem 0x00000000b7eff000-0x00000000bbeff000] (64MB)
[    1.014982] clocksource: tsc: mask: 0xffffffffffffffff max_cycles: 0x257a386c905, max_idle_ns: 440795250529 ns
[    1.016328] clocksource: Switched to clocksource tsc
[    1.018063] Initialise system trusted keyrings
[    1.018590] Key type blacklist registered
[    1.019323] workingset: timestamp_bits=36 max_order=26 bucket_order=0
[    1.020095] zbud: loaded
[    1.020792] squashfs: version 4.0 (2009/01/31) Phillip Lougher
[    1.021659] fuse: init (API version 7.39)
[    1.022632] integrity: Platform Keyring initialized
[    1.023265] integrity: Machine keyring initialized
[    1.034502] Key type asymmetric registered
[    1.035221] Asymmetric key parser 'x509' registered
[    1.035746] Block layer SCSI generic (bsg) driver version 0.4 loaded (major 243)
[    1.036672] io scheduler mq-deadline registered
[    1.037919] shpchp: Standard Hot Plug PCI Controller Driver version: 0.4
[    1.039169] input: Power Button as /devices/LNXSYSTM:00/LNXPWRBN:00/input/input0
[    1.040261] ACPI: button: Power Button [PWRF]
[    1.041288] input: Sleep Button as /devices/LNXSYSTM:00/LNXSLPBN:00/input/input1
[    1.042569] ACPI: button: Sleep Button [SLPF]
[    1.047169] ACPI: \_SB_.LNKB: Enabled at IRQ 10
[    1.047892] virtio-pci 0000:00:06.0: virtio_pci: leaving for legacy driver
[    1.051113] Serial: 8250/16550 driver, 32 ports, IRQ sharing enabled
[    1.073981] 00:03: ttyS0 at I/O 0x3f8 (irq = 4, base_baud = 115200) is a 16550A
[    1.096905] 00:04: ttyS1 at I/O 0x2f8 (irq = 3, base_baud = 115200) is a 16550A
[    1.119128] 00:05: ttyS2 at I/O 0x3e8 (irq = 6, base_baud = 115200) is a 16550A
[    1.141670] 00:06: ttyS3 at I/O 0x2e8 (irq = 7, base_baud = 115200) is a 16550A
[    1.145164] Linux agpgart interface v0.103
[    1.152060] tpm_tis MSFT0101:00: 2.0 TPM (device-id 0x9009, rev-id 0)
[    1.168363] loop: module loaded
[    1.169188] Key type psk registered
[    1.170292] ACPI: bus type drm_connector registered
[    1.171445] tun: Universal TUN/TAP device driver, 1.6
[    1.172332] nvme nvme0: pci function 0000:00:07.0
[    1.172368] PPP generic driver version 2.4.2
[    1.175052] ACPI: \_SB_.LNKC: Enabled at IRQ 11
[    1.175499] i8042: PNP: PS/2 Controller [PNP0303:KBD,PNP0f13:MOU] at 0x60,0x64 irq 1,12
[    1.180120] i8042: Warning: Keylock active
[    1.183064] serio: i8042 KBD port at 0x60,0x64 irq 1
[    1.183743] serio: i8042 AUX port at 0x60,0x64 irq 12
[    1.185651] mousedev: PS/2 mouse device common for all mice
[    1.189747] rtc_cmos 00:00: RTC can wake from S4
[    1.191300] rtc_cmos 00:00: registered as rtc0
[    1.192052] rtc_cmos 00:00: setting system clock to 2026-07-25T15:02:20 UTC (1784991740)
[    1.193313] rtc_cmos 00:00: alarms up to one day, 114 bytes nvram
[    1.194069] i2c_dev: i2c /dev entries driver
[    1.194588] device-mapper: core: CONFIG_IMA_DISABLE_HTABLE is disabled. Duplicate IMA measurements will not be recorded in the IMA log.
[    1.195864] device-mapper: uevent: version 1.0.3
[    1.195992] nvme nvme0: 4/0/0 default/read/poll queues
[    1.196510] device-mapper: ioctl: 4.48.0-ioctl (2023-03-01) initialised: dm-devel@redhat.com
[    1.198033] amd_pstate: the _CPC object is not present in SBIOS or ACPI disabled
[    1.199134] ledtrig-cpu: registered to indicate activity on CPUs
[    1.200048] drop_monitor: Initializing network drop monitor service
[    1.201149] NET: Registered PF_INET6 protocol family
[    1.202292] Segment Routing with IPv6
[    1.202700] In-situ OAM (IOAM) with IPv6
[    1.203205] NET: Registered PF_PACKET protocol family
[    1.203752] Key type dns_resolver registered
[    1.205310] GPT:Primary header thinks Alt. header is not at the end of the disk.
[    1.206011] GPT:8388607 != 419430399
[    1.206334] GPT:Alternate GPT header not at the end of the disk.
[    1.207233] GPT:8388607 != 419430399
[    1.207701] GPT: Use GNU Parted to correct GPT errors.
[    1.208241]  nvme0n1: p1 p14 p15
[    1.211129] IPI shorthand broadcast: enabled
[    1.215061] sched_clock: Marking stable (1073006102, 141097668)->(1226514205, -12410435)
[    1.216342] registered taskstats version 1
[    1.218130] Loading compiled-in X.509 certificates
[    1.219196] Loaded X.509 cert 'Build time autogenerated kernel key: 92100ddb7d938b678985c76c9940cb07038ba482'
[    1.220880] Loaded X.509 cert 'Canonical Ltd. Live Patch Signing 2025 Kmod: d541cef61dc7e793b7eb7e899970a2eef0b5dc8c'
[    1.222574] Loaded X.509 cert 'Canonical Ltd. Live Patch Signing: 14df34d1a87cf37625abec039ef2bf521249b969'
[    1.224241] Loaded X.509 cert 'Canonical Ltd. Kernel Module Signing 2025 Kmod: 4627603d2357a2a3f81006370894c221175893e9'
[    1.226121] Loaded X.509 cert 'Canonical Ltd. Kernel Module Signing: 88f752e560a1e0737e31163a466ad7b70a850c19'
[    1.227419] blacklist: Loading compiled-in revocation X.509 certificates
[    1.228530] Loaded X.509 cert 'Canonical Ltd. Secure Boot Signing: 61482aa2830d0ab2ad5af10b7250da9033ddcef0'
[    1.229651] Loaded X.509 cert 'Canonical Ltd. Secure Boot Signing (2017): 242ade75ac4a15e50d50c84b0d45ff3eae707a03'
[    1.231024] Loaded X.509 cert 'Canonical Ltd. Secure Boot Signing (ESM 2018): 365188c1d374d6b07c3c8f240f8ef722433d6a8b'
[    1.232567] Loaded X.509 cert 'Canonical Ltd. Secure Boot Signing (2019): c0746fd6c5da3ae827864651ad66ae47fe24b3e8'
[    1.234026] Loaded X.509 cert 'Canonical Ltd. Secure Boot Signing (2021 v1): a8d54bbb3825cfb94fa13c9f8a594a195c107b8d'
[    1.235406] Loaded X.509 cert 'Canonical Ltd. Secure Boot Signing (2021 v2): 4cf046892d6fd3c9a5b03f98d845f90851dc6a8c'
[    1.236486] Loaded X.509 cert 'Canonical Ltd. Secure Boot Signing (2021 v3): 100437bb6de6e469b581e61cd66bce3ef4ed53af'
[    1.237947] Loaded X.509 cert 'Canonical Ltd. Secure Boot Signing (Ubuntu Core 2019): c1d57b8f6b743f23ee41f4f7ee292f06eecadfb9'
[    1.244938] Key type .fscrypt registered
[    1.245667] Key type fscrypt-provisioning registered
[    1.246263] Key type trusted registered
[    1.248072] Key type encrypted registered
[    1.248648] AppArmor: AppArmor sha256 policy hashing enabled
[    1.249808] integrity: Loading X.509 certificate: UEFI:db
[    1.250683] integrity: Loaded X.509 cert 'Microsoft Corporation UEFI CA 2011: 13adbf4309bd82709c8cd54f316ed522988a1bd4'
[    1.251871] integrity: Loading X.509 certificate: UEFI:db
[    1.252583] integrity: Loaded X.509 cert 'Microsoft Windows Production PCA 2011: a92902398e16c49778cd90f99e4f9ae17c55af53'
[    1.253685] integrity: Loading X.509 certificate: UEFI:db
[    1.254220] integrity: Loaded X.509 cert 'Microsoft Corporation: Windows UEFI CA 2023: aefc5fbbbe055d8f8daa585473499417ab5a5272'
[    1.255599] integrity: Loading X.509 certificate: UEFI:db
[    1.256376] integrity: Loaded X.509 cert 'Microsoft UEFI CA 2023: 81aa6b3244c935bce0d6628af39827421e32497d'
[    1.258076] Loading compiled-in module X.509 certificates
[    1.259292] Loaded X.509 cert 'Build time autogenerated kernel key: 92100ddb7d938b678985c76c9940cb07038ba482'
[    1.260607] ima: Allocated hash algorithm: sha256
[    1.282725] ima: No architecture policies found
[    1.283453] evm: Initialising EVM extended attributes:
[    1.284253] evm: security.selinux
[    1.284939] evm: security.SMACK64
[    1.285494] evm: security.SMACK64EXEC
[    1.286280] evm: security.SMACK64TRANSMUTE
[    1.286933] evm: security.SMACK64MMAP
[    1.287660] evm: security.apparmor
[    1.288150] evm: security.ima
[    1.288529] evm: security.capability
[    1.289055] evm: HMAC attrs: 0x1
[    1.289839] PM:   Magic number: 2:438:33
[    1.297820] RAS: Correctable Errors collector initialized.
[    1.298714] clk: Disabling unused clocks
[    1.398371] input: AT Translated Set 2 keyboard as /devices/platform/i8042/serio0/input/input2
[    1.399333] md: Waiting for all devices to be available before autodetect
[    1.399887] md: If you don't use raid, use raid=noautodetect
[    1.400372] md: Autodetecting RAID arrays.
[    1.400700] md: autorun ...
[    1.400967] md: ... autorun DONE.
[    1.406798] EXT4-fs (nvme0n1p1): mounted filesystem 0a734a54-2c63-4fd9-8ff6-03a4dc0dbd90 ro with ordered data mode. Quota mode: none.
[    1.407688] VFS: Mounted root (ext4 filesystem) readonly on device 259:1.
[    1.408773] devtmpfs: mounted
[    1.410408] Freeing unused decrypted memory: 2028K
[    1.411450] Freeing unused kernel image (initmem) memory: 5076K
[    1.411949] Write protecting the kernel read-only data: 36864k
[    1.412797] Freeing unused kernel image (rodata/data gap) memory: 64K
[    1.466414] x86/mm: Checked W+X mappings: passed, no W+X pages found.
[    1.467070] Run /sbin/init as init process
[    1.609494] systemd[1]: Inserted module 'autofs4'
[    1.655176] systemd[1]: systemd 249.11-0ubuntu3.21 running in system mode (+PAM +AUDIT +SELINUX +APPARMOR +IMA +SMACK +SECCOMP +GCRYPT +GNUTLS +OPENSSL +ACL +BLKID +CURL +ELFUTILS +FIDO2 +IDN2 -IDN +IPTC +KMOD +LIBCRYPTSETUP +LIBFDISK +PCRE2 -PWQUALITY -P11KIT -QRENCODE +BZIP2 +LZ4 +XZ +ZLIB +ZSTD -XKBCOMMON +UTMP +SYSVINIT default-hierarchy=unified)
[    1.657707] systemd[1]: Detected virtualization kvm.
[    1.658095] systemd[1]: Detected architecture x86-64.

Welcome to [1mUbuntu 22.04.5 LTS[0m!

[    1.664634] systemd[1]: Hostname set to <ubuntu>.
[    1.668892] systemd[1]: Initializing machine ID from VM UUID.
[    1.669487] systemd[1]: Installed transient /etc/machine-id file.
[    1.723076] block nvme0n1: the capability attribute has been deprecated.
[    1.816275] systemd[1]: Configuration file /run/systemd/system/netplan-ovs-cleanup.service is marked world-inaccessible. This has no effect as configuration data is accessible via APIs without restrictions. Proceeding anyway.
[    1.845596] systemd[1]: /lib/systemd/system/snapd.service:23: Unknown key name 'RestartMode' in section 'Service', ignoring.
[    1.942916] systemd[1]: Queued start job for default target Graphical Interface.
[    1.956661] systemd[1]: Created slice Slice /system/modprobe.
[[0;32m  OK  [0m] Created slice [0;1;39mSlice /system/modprobe[0m.
[    1.961488] systemd[1]: Created slice Slice /system/serial-getty.
[[0;32m  OK  [0m] Created slice [0;1;39mSlice /system/serial-getty[0m.
[    1.966466] systemd[1]: Created slice Slice /system/systemd-fsck.
[[0;32m  OK  [0m] Created slice [0;1;39mSlice /system/systemd-fsck[0m.
[    1.970374] systemd[1]: Created slice User and Session Slice.
[[0;32m  OK  [0m] Created slice [0;1;39mUser and Session Slice[0m.
[    1.974214] systemd[1]: Started Forward Password Requests to Wall Directory Watch.
[[0;32m  OK  [0m] Started [0;1;39mForward Password R…uests to Wall Directory Watch[0m.
[    1.979340] systemd[1]: Set up automount Arbitrary Executable File Formats File System Automount Point.
[[0;32m  OK  [0m] Set up automount [0;1;39mArbitrary…s File System Automount Point[0m.
[    1.984201] systemd[1]: Reached target Slice Units.
[[0;32m  OK  [0m] Reached target [0;1;39mSlice Units[0m.
[    1.987140] systemd[1]: Reached target Mounting snaps.
[[0;32m  OK  [0m] Reached target [0;1;39mMounting snaps[0m.
[    1.988164] systemd[1]: Reached target Swaps.
[[0;32m  OK  [0m] Reached target [0;1;39mSwaps[0m.
[    1.992138] systemd[1]: Reached target System Time Set.
[[0;32m  OK  [0m] Reached target [0;1;39mSystem Time Set[0m.
[    1.997158] systemd[1]: Reached target Local Verity Protected Volumes.
[[0;32m  OK  [0m] Reached target [0;1;39mLocal Verity Protected Volumes[0m.
[    1.998457] systemd[1]: Listening on Device-mapper event daemon FIFOs.
[[0;32m  OK  [0m] Listening on [0;1;39mDevice-mapper event daemon FIFOs[0m.
[    2.003277] systemd[1]: Listening on LVM2 poll daemon socket.
[[0;32m  OK  [0m] Listening on [0;1;39mLVM2 poll daemon socket[0m.
[    2.008238] systemd[1]: Listening on multipathd control socket.
[[0;32m  OK  [0m] Listening on [0;1;39mmultipathd control socket[0m.
[    2.012232] systemd[1]: Listening on Syslog Socket.
[[0;32m  OK  [0m] Listening on [0;1;39mSyslog Socket[0m.
[    2.017248] systemd[1]: Listening on fsck to fsckd communication Socket.
[[0;32m  OK  [0m] Listening on [0;1;39mfsck to fsckd communication Socket[0m.
[    2.022192] systemd[1]: Listening on initctl Compatibility Named Pipe.
[[0;32m  OK  [0m] Listening on [0;1;39minitctl Compatibility Named Pipe[0m.
[    2.027333] systemd[1]: Listening on Journal Audit Socket.
[[0;32m  OK  [0m] Listening on [0;1;39mJournal Audit Socket[0m.
[    2.032230] systemd[1]: Listening on Journal Socket (/dev/log).
[[0;32m  OK  [0m] Listening on [0;1;39mJournal Socket (/dev/log)[0m.
[    2.036260] systemd[1]: Listening on Journal Socket.
[[0;32m  OK  [0m] Listening on [0;1;39mJournal Socket[0m.
[    2.040276] systemd[1]: Listening on Network Service Netlink Socket.
[[0;32m  OK  [0m] Listening on [0;1;39mNetwork Service Netlink Socket[0m.
[    2.045269] systemd[1]: Listening on udev Control Socket.
[[0;32m  OK  [0m] Listening on [0;1;39mudev Control Socket[0m.
[    2.050230] systemd[1]: Listening on udev Kernel Socket.
[[0;32m  OK  [0m] Listening on [0;1;39mudev Kernel Socket[0m.
[    2.063184] systemd[1]: Mounting Huge Pages File System...
         Mounting [0;1;39mHuge Pages File System[0m...
[    2.067954] systemd[1]: Mounting POSIX Message Queue File System...
         Mounting [0;1;39mPOSIX Message Queue File System[0m...
[    2.072987] systemd[1]: Mounting Kernel Debug File System...
         Mounting [0;1;39mKernel Debug File System[0m...
[    2.076902] systemd[1]: Mounting Kernel Trace File System...
         Mounting [0;1;39mKernel Trace File System[0m...
[    2.083074] systemd[1]: Starting Journal Service...
         Starting [0;1;39mJournal Service[0m...
[    2.087059] systemd[1]: Starting Set the console keyboard layout...
         Starting [0;1;39mSet the console keyboard layout[0m...
[    2.092990] systemd[1]: Starting Create List of Static Device Nodes...
         Starting [0;1;39mCreate List of Static Device Nodes[0m...
[    2.097016] systemd[1]: Starting Monitoring of LVM2 mirrors, snapshots etc. using dmeventd or progress polling...
         Starting [0;1;39mMonitoring of LVM…meventd or progress polling[0m...
[    2.102154] systemd[1]: Condition check resulted in LXD - agent being skipped.
[    2.103636] systemd[1]: Starting Load Kernel Module configfs...
         Starting [0;1;39mLoad Kernel Module configfs[0m...
[    2.108084] systemd[1]: Starting Load Kernel Module drm...
         Starting [0;1;39mLoad Kernel Module drm[0m...
[    2.112982] systemd[1]: Starting Load Kernel Module efi_pstore...
         Starting [0;1;39mLoad Kernel Module efi_pstore[0m...
[    2.116976] systemd[1]: Starting Load Kernel Module fuse...
         Starting [0;1;39mLoad Kernel Module fu[    2.117839] pstore: Using crash dump compression: deflate
se[0m...
[    2.122171] systemd[1]: Condition check resulted in OpenVSwitch configuration for cleanup being skipped.
[    2.123745] pstore: Registered efi_pstore as persistent store backend
[    2.123869] systemd[1]: Starting File System Check on Root Device...
         Starting [0;1;39mFile System Check on Root Device[0m...
[    2.131153] systemd[1]: Starting Load Kernel Modules...
         Starting [0;1;39mLoad Kernel Modules[0m...
[    2.132453] systemd[1]: Starting Coldplug All udev Devices...
         Starting [0;1;39mColdplug All udev Devices[0m...
[    2.134324] systemd[1]: Started Journal Service.
[[0;32m  OK  [0m] Started [0;1;39mJournal Service[0m.
[[0;32m  OK  [0m] Mounted [0;1;39mHuge Pages File System[0m.
[[0;32m  OK  [0m] Mounted [0;1;39mPOSIX Message Queue File System[0m.
[[0;32m  OK  [0m] Mounted [0;1;39mKernel Debug File System[0m.
[[0;32m  OK  [0m] Mounted [0;1;39mKernel Trace File System[0m.
[[0;32m  OK  [0m] Finished [0;1;39mCreate List of Static Device Nodes[0m.
[[0;32m  OK  [0m] Finished [0;1;39mSet the console keyboard layout[0m.
[[0;32m  OK  [0m] Finished [0;1;39mLoad Kernel Module configfs[0m.
[[0;32m  OK  [0m] Finished [0;1;39mLoad Kernel Module drm[0m.
[[0;32m  OK  [0m] Finished [0;1;39mLoad Kernel Module efi_pstore[0m.
[[0;32m  OK  [0m] Finished [0;1;39mLoad Kernel Module fuse[0m.
[[0;32m  OK  [0m] Finished [0;1;39mLoad Kernel Modules[0m.
         Mounting [0;1;39mFUSE Control File System[0m...
         Mounting [0;1;39mKernel Configuration File System[0m...
[[0;32m  OK  [0m] Started [0;1;39mFile System Check Daemon to report status[0m.
         Starting [0;1;39mApply Kernel Variables[0m...
[[0;32m  OK  [0m] Mounted [0;1;39mFUSE Control File System[0m.
[[0;32m  OK  [0m] Mounted [0;1;39mKernel Configuration File System[0m.
[[0;32m  OK  [0m] Finished [0;1;39mFile System Check on Root Device[0m.
         Starting [0;1;39mRemount Root and Kernel File Systems[0m...
[[0;32m  OK  [0m] Finished [0;1;39mApply Kernel Variables[0m.
[[0;32m  OK  [0m] Finished [0;1;39mRemount Root and Kernel File Systems[0m.
         Starting [0;1;39mDevice-Mapper Multipath Device Controller[0m...
         Starting [0;1;39mFlush Journal to Persistent Storage[0m...
         Starting [0;1;39mLoad/Save Random Seed[0m...
         Starting [0;1;39mCreate System Users[0m...
[[0;32m  OK  [0m] Finished [0;1;39mColdplug All udev Devices[0m.
[[0;32m  OK  [0m] Finished [0;1;39mLoad/Save Random Seed[0m.
[[0;32m  OK  [0m] Finished [0;1;39mCreate System Users[0m.
         Starting [0;1;39mCreate Static Device Nodes in /dev[0m...
[[0;32m  OK  [0m] Finished [0;1;39mFlush Journal to Persistent Storage[0m.
[[0;32m  OK  [0m] Finished [0;1;39mCreate Static Device Nodes in /dev[0m.
         Starting [0;1;39mRule-based Manage…for Device Events and Files[0m...
[[0;32m  OK  [0m] Started [0;1;39mDevice-Mapper Multipath Device Controller[0m.
[[0;32m  OK  [0m] Started [0;1;39mRule-based Manager for Device Events and Files[0m.
[[0;32m  OK  [0m] Started [0;1;39mDispatch Password …ts to Console Directory Watch[0m.
[[0;32m  OK  [0m] Reached target [0;1;39mLocal Encrypted Volumes[0m.
[[0;32m  OK  [0m] Found device [0;1;39m/dev/ttyS0[0m.
[[0;32m  OK  [0m] Listening on [0;1;39mLoad/Save RF …itch Status /dev/rfkill Watch[0m.
[[0;32m  OK  [0m] Found device [0;1;39mnvme_card-pd UEFI[0m.
[[0;32m  OK  [0m] Finished [0;1;39mMonitoring of LVM… dmeventd or progress polling[0m.
[[0;32m  OK  [0m] Reached target [0;1;39mPreparation for Local File Systems[0m.
         Mounting [0;1;39mMount unit for ai…metry-collector, revision 1[0m...
         Mounting [0;1;39mMount unit for core22, revision 2411[0m...
         Mounting [0;1;39mMount unit for core24, revision 1643[0m...
         Mounting [0;1;39mMount unit for google-cloud-cli, revision 481[0m...
         Mounting [0;1;39mMount unit for lxd, revision 40115[0m...
         Mounting [0;1;39mMount unit for snapd, revision 27591[0m...
         Mounting [0;1;39mMount unit for vbarcontrolagent, revision 1[0m...
         Starting [0;1;39mFile System Check on /dev/disk/by-label/UEFI[0m...
[[0;32m  OK  [0m] Mounted [0;1;39mMount unit for ai-…lemetry-collector, revision 1[0m.
[[0;32m  OK  [0m] Mounted [0;1;39mMount unit for core22, revision 2411[0m.
[[0;32m  OK  [0m] Mounted [0;1;39mMount unit for core24, revision 1643[0m.
[[0;32m  OK  [0m] Mounted [0;1;39mMount unit for google-cloud-cli, revision 481[0m.
[[0;32m  OK  [0m] Mounted [0;1;39mMount unit for lxd, revision 40115[0m.
[[0;32m  OK  [0m] Mounted [0;1;39mMount unit for snapd, revision 27591[0m.
[[0;32m  OK  [0m] Mounted [0;1;39mMount unit for vbarcontrolagent, revision 1[0m.
[[0;32m  OK  [0m] Reached target [0;1;39mMounted snaps[0m.
[[0;32m  OK  [0m] Finished [0;1;39mFile System Check on /dev/disk/by-label/UEFI[0m.
         Mounting [0;1;39m/boot/efi[0m...
[[0;32m  OK  [0m] Mounted [0;1;39m/boot/efi[0m.
[[0;32m  OK  [0m] Reached target [0;1;39mLocal File Systems[0m.
         Starting [0;1;39mLoad AppArmor profiles[0m...
         Starting [0;1;39mSet console font and keymap[0m...
         Starting [0;1;39mCreate final runt…dir for shutdown pivot root[0m...
         Starting [0;1;39mTell Plymouth To Write Out Runtime Data[0m...
         Starting [0;1;39mSet Up Additional Binary Formats[0m...
         Starting [0;1;39mCommit a transient machine-id on disk[0m...
         Starting [0;1;39mCreate Volatile Files and Directories[0m...
         Starting [0;1;39mUncomplicated firewall[0m...
[[0;32m  OK  [0m] Finished [0;1;39mSet console font and keymap[0m.
[[0;32m  OK  [0m] Finished [0;1;39mCreate final runt…e dir for shutdown pivot root[0m.
[[0;32m  OK  [0m] Finished [0;1;39mTell Plymouth To Write Out Runtime Data[0m.
         Mounting [0;1;39mArbitrary Executable File Formats File System[0m...
[[0;32m  OK  [0m] Finished [0;1;39mUncomplicated firewall[0m.
[[0;32m  OK  [0m] Mounted [0;1;39mArbitrary Executable File Formats File System[0m.
[[0;32m  OK  [0m] Finished [0;1;39mLoad AppArmor profiles[0m.
[[0;32m  OK  [0m] Finished [0;1;39mSet Up Additional Binary Formats[0m.
[[0;32m  OK  [0m] Finished [0;1;39mCreate Volatile Files and Directories[0m.
         Starting [0;1;39mLoad AppArmor pro…managed internally by snapd[0m...
         Starting [0;1;39mRecord System Boot/Shutdown in UTMP[0m...
         Starting [0;1;39mCloud-init: Local Stage (pre-network)[0m...
[[0;32m  OK  [0m] Finished [0;1;39mCommit a transient machine-id on disk[0m.
[[0;32m  OK  [0m] Finished [0;1;39mRecord System Boot/Shutdown in UTMP[0m.
[[0;32m  OK  [0m] Finished [0;1;39mLoad AppArmor pro…s managed internally by snapd[0m.
[    3.371475] cloud-init[808]: Cloud-init v. 26.1-0ubuntu1~22.04.1 running 'init-local' at Sat, 25 Jul 2026 15:02:22 +0000. Up 3.35 seconds.
         Starting [0;1;39mLoad Kernel Module efi_pstore[0m...
[[0;32m  OK  [0m] Finished [0;1;39mLoad Kernel Module efi_pstore[0m.
         Starting [0;1;39mLoad Kernel Module efi_pstore[0m...
[[0;32m  OK  [0m] Finished [0;1;39mLoad Kernel Module efi_pstore[0m.
[[0;32m  OK  [0m] Finished [0;1;39mCloud-init: Local Stage (pre-network)[0m.
[[0;32m  OK  [0m] Reached target [0;1;39mPreparation for Network[0m.
         Starting [0;1;39mNetwork Configuration[0m...
[[0;32m  OK  [0m] Started [0;1;39mNetwork Configuration[0m.
         Starting [0;1;39mWait for Network to be Configured[0m...
         Starting [0;1;39mNetwork Name Resolution[0m...
[[0;32m  OK  [0m] Started [0;1;39mNetwork Name Resolution[0m.
[[0;32m  OK  [0m] Reached target [0;1;39mNetwork[0m.
[[0;32m  OK  [0m] Reached target [0;1;39mHost and Network Name Lookups[0m.
[[0;32m  OK  [0m] Finished [0;1;39mWait for Network to be Configured[0m.
         Starting [0;1;39mCloud-init: Network Stage[0m...
[    5.827348] cloud-init[852]: Cloud-init v. 26.1-0ubuntu1~22.04.1 running 'init' at Sat, 25 Jul 2026 15:02:25 +0000. Up 5.80 seconds.
[    5.835584] cloud-init[852]: ci-info: ++++++++++++++++++++++++++++++++++++++Net device info+++++++++++++++++++++++++++++++++++++++
[    5.839082] cloud-init[852]: ci-info: +--------+------+---------------------------+-----------------+--------+-------------------+
[    5.843071] cloud-init[852]: ci-info: | Device |  Up  |          Address          |       Mask      | Scope  |     Hw-Address    |
[    5.847082] cloud-init[852]: ci-info: +--------+------+---------------------------+-----------------+--------+-------------------+
[    5.851096] cloud-init[852]: ci-info: |  ens5  | True |        10.240.0.54        | 255.255.255.255 | global | 42:01:0a:f0:00:36 |
[    5.855083] cloud-init[852]: ci-info: |  ens5  | True | fe80::4001:aff:fef0:36/64 |        .        |  link  | 42:01:0a:f0:00:36 |
[    5.860076] cloud-init[852]: ci-info: |   lo   | True |         127.0.0.1         |    255.0.0.0    |  host  |         .         |
[    5.864086] cloud-init[852]: ci-info: |   lo   | True |          ::1/128          |        .        |  host  |         .         |
[    5.868084] cloud-init[852]: ci-info: +--------+------+---------------------------+-----------------+--------+-------------------+
[    5.872072] cloud-init[852]: ci-info: +++++++++++++++++++++++++++++++Route IPv4 info++++++++++++++++++++++++++++++++
[    5.876090] cloud-init[852]: ci-info: +-------+-----------------+------------+-----------------+-----------+-------+
[    5.880086] cloud-init[852]: ci-info: | Route |   Destination   |  Gateway   |     Genmask     | Interface | Flags |
[    5.884089] cloud-init[852]: ci-info: +-------+-----------------+------------+-----------------+-----------+-------+
[    5.888085] cloud-init[852]: ci-info: |   0   |     0.0.0.0     | 10.240.0.1 |     0.0.0.0     |    ens5   |   UG  |
[    5.892068] cloud-init[852]: ci-info: |   1   |    10.240.0.1   |  0.0.0.0   | 255.255.255.255 |    ens5   |   UH  |
[    5.895073] cloud-init[852]: ci-info: |   2   | 169.254.169.254 | 10.240.0.1 | 255.255.255.255 |    ens5   |  UGH  |
[    5.899083] cloud-init[852]: ci-info: +-------+-----------------+------------+-----------------+-----------+-------+
[    5.903082] cloud-init[852]: ci-info: +++++++++++++++++++Route IPv6 info+++++++++++++++++++
[    5.906066] cloud-init[852]: ci-info: +-------+-------------+---------+-----------+-------+
[    5.909059] cloud-init[852]: ci-info: | Route | Destination | Gateway | Interface | Flags |
[    5.913047] cloud-init[852]: ci-info: +-------+-------------+---------+-----------+-------+
[    5.917055] cloud-init[852]: ci-info: |   1   |  fe80::/64  |    ::   |    ens5   |   U   |
[    5.921050] cloud-init[852]: ci-info: |   3   |    local    |    ::   |    ens5   |   U   |
[    5.925096] cloud-init[852]: ci-info: |   4   |  multicast  |    ::   |    ens5   |   U   |
[    5.929061] cloud-init[852]: ci-info: +-------+-------------+---------+-----------+-------+
[    7.722371] cloud-init[852]: Generating public/private rsa key pair.
[    7.727112] cloud-init[852]: Your identification has been saved in /etc/ssh/ssh_host_rsa_key
[    7.731061] cloud-init[852]: Your public key has been saved in /etc/ssh/ssh_host_rsa_key.pub
[    7.735057] cloud-init[852]: The key fingerprint is:
[    7.739062] cloud-init[852]: SHA256:+XDqcLTwq1Bs6xDrfxX0nEh6yLmk0wQrJPqhuZf/wrE root@torchtpu-vm
[    7.743059] cloud-init[852]: The key's randomart image is:
[    7.747055] cloud-init[852]: +---[RSA 3072]----+
[    7.751061] cloud-init[852]: |                 |
[[0;32m  OK  [0m] Finished [0;1;39mCloud-init: Network Stage[0m.
[    7.754056] cloud-init[852]: |  . . .   o      |
[[0;32m  OK  [0m] Reached target [0;1;39mCloud-config availability[0m.
[    7.758048] cloud-init[852]: | . o   + * + .   |
[[0;32m  OK  [0m] Reached target [0;1;39mNetwork is Online[0m.
[    7.763060] cloud-init[852]: |. . ... B.+ +    |
[[0;32m  OK  [0m] Reached target [0;1;39mSystem Initialization[0m.
[    7.770064] cloud-init[852]: | + ...==So..     |
[[0;32m  OK  [0m] Started [0;1;39mGCE Workload Certificate refresh timer[0m.
[    7.777076] cloud-init[852]: |o . .=o=o*.      |
[[0;32m  OK  [0m] Started [0;1;39mNSS cache refresh timer[0m.
[    7.777179] cloud-init[852]: | . o+oo.=..      |
[[0;32m  OK  [0m] Started [0;1;39mDaily Cleanup of Temporary Directories[0m.
[    7.785069] cloud-init[852]: |. o.E+ +..       |
[[0;32m  OK  [0m] Started [0;1;39mDownload data for …ailed at package install time[0m.
[    7.793071] cloud-init[852]: | . .o+=oo        |
[[0;32m  OK  [0m] Reached target [0;1;39mPath Units[0m.
[    7.797100] cloud-init[852]: +----[SHA256]-----+
[[0;32m  OK  [0m] Listening on [0;1;39mcloud-init hotplug hook socket[0m.
[    7.804073] cloud-init[852]: Generating public/private ecdsa key pair.
[[0;32m  OK  [0m] Listening on [0;1;39mD-Bus System Message Bus Socket[0m.
[    7.811062] cloud-init[852]: Your identification has been saved in /etc/ssh/ssh_host_ecdsa_key
[[0;32m  OK  [0m] Listening on [0;1;39mOpen-iSCSI iscsid Socket[0m.
[    7.819066] cloud-init[852]: Your public key has been saved in /etc/ssh/ssh_host_ecdsa_key.pub
         Starting [0;1;39mSocket activation for snappy daemon[0m...
[    7.827059] cloud-init[852]: The key fingerprint is:
[[0;32m  OK  [0m] Listening on [0;1;39mUUID daemon activation socket[0m.
[    7.832067] cloud-init[852]: SHA256:vha5QVNQ4EtJ2jmqp5CgvLEfAjQxcprJnohG5P3TAGs root@torchtpu-vm
[[0;32m  OK  [0m] Finished [0;1;39mAvailability of block devices[0m.
[    7.833472] cloud-init[852]: The key's randomart image is:
[[0;32m  OK  [0m] Listening on [0;1;39mSocket activation for snappy daemon[0m.
[    7.838051] cloud-init[852]: +---[ECDSA 256]---+
[[0;32m  OK  [0m] Reached target [0;1;39mSocket Units[0m.
[    7.843050] cloud-init[852]: |.+..    ++.      |
[[0;32m  OK  [0m] Reached target [0;1;39mBasic System[0m.
[    7.846050] cloud-init[852]: |==+ o  = o.      |
[    7.853061] cloud-init[852]: |+* E .. B.       |
[    7.857057] cloud-init[852]: |* + . oooo       |
[    7.861067] cloud-init[852]: |=+   o.oSo       |
[    7.864065] cloud-init[852]: |=. . ...+        |
         Starting [0;1;39mchrony, an NTP client/server[0m...
[    7.868059] cloud-init[852]: |.+o.. . .+       |
[[0;32m  OK  [0m] Started [0;1;39mD-Bus System Message Bus[0m.
[    7.872055] cloud-init[852]: |  =..o  o.       |
[[0;32m  OK  [0m] Started [0;1;39mSave initial kernel messages after boot[0m.
[    7.878058] cloud-init[852]: | o...  ..        |
         Starting [0;1;39mRemove Stale Onli…t4 Metadata Check Snapshots[0m...
[    7.883069] cloud-init[852]: +----[SHA256]-----+
         Starting [0;1;39mGCE Workload Certificate refresh[0m...
[    7.888055] cloud-init[852]: Generating public/private ed25519 key pair.
[[0;32m  OK  [0m] Started [0;1;39mGoogle OSConfig Agent[0m.
[    7.889309] cloud-init[852]: Your identification has been saved in /etc/ssh/ssh_host_ed25519_key
         Starting [0;1;39mNSS cache refresh[0m...
[    7.894106] cloud-init[852]: Your public key has been saved in /etc/ssh/ssh_host_ed25519_key.pub
         Starting [0;1;39mGoogle Cloud TPU - Fetch metadata[0m...
[    7.902055] cloud-init[852]: The key fingerprint is:
         Starting [0;1;39mGoogle Cloud TPU - First boot setup[0m...
[    7.907050] cloud-init[852]: SHA256:k6JknS0YXwHBY4wCQAj11swsKFUn6ziPPUtAYMLNsK8 root@torchtpu-vm
         Starting [0;1;39mRecord successful boot for GRUB[0m...
[    7.912060] cloud-init[852]: The key's randomart image is:
         Starting [0;1;39mDispatcher daemon for systemd-networkd[0m...
[    7.917056] cloud-init[852]: +--[ED25519 256]--+
         Starting [0;1;39mConnect NVMe-oF s…s automatically during boot[0m...
[    7.922058] cloud-init[852]: |%**.o++o.        |
         Starting [0;1;39mPollinate to seed…udo random number generator[0m...
[    7.927090] cloud-init[852]: |++o=.O=  .       |
         Starting [0;1;39mSystem Logging Service[0m...
[    7.935081] cloud-init[852]: |..o.*.=..        |
         Starting [0;1;39mSecure Boot updates for DB and DBX[0m...
[    7.943086] cloud-init[852]: | o.+ * + .       |
[[0;32m  OK  [0m] Reached target [0;1;39mPreparation for Logins[0m.
[    7.947627] cloud-init[852]: |  +.= * S        |
         Starting [0;1;39mWait until snapd is fully seeded[0m...
[    7.955061] cloud-init[852]: |  .O . o .       |
         Starting [0;1;39mSnap Daemon[0m...
[    7.960054] cloud-init[852]: | E. *            |
         Starting [0;1;39mUser Login Management[0m...
[    7.964056] cloud-init[852]: |   . o           |
[[0;32m  OK  [0m] Started [0;1;39mUbuntu Pro Background Auto Attach[0m.
[    7.969069] cloud-init[852]: |    .            |
[[0;32m  OK  [0m] Started [0;1;39mchrony, an NTP client/server[0m.
[    7.974051] cloud-init[852]: +----[SHA256]-----+
[[0;32m  OK  [0m] Finished [0;1;39mRemove Stale Onli…ext4 Metadata Check Snapshots[0m.
[[0;32m  OK  [0m] Finished [0;1;39mNSS cache refresh[0m.
[[0;32m  OK  [0m] Finished [0;1;39mGoogle Cloud TPU - Fetch metadata[0m.
[[0;32m  OK  [0m] Started [0;1;39mDispatcher daemon for systemd-networkd[0m.
[[0;32m  OK  [0m] Finished [0;1;39mGCE Workload Certificate refresh[0m.
[[0;32m  OK  [0m] Finished [0;1;39mConnect NVMe-oF s…ems automatically during boot[0m.
[[0;32m  OK  [0m] Finished [0;1;39mRecord successful boot for GRUB[0m.
Jul 25 15:02:27 torchtpu-vm systemd[1]: Mounted Huge Pages File System.
Jul 25 15:02:27 torchtpu-vm systemd[1]: Mounted POSIX Message Queue File System.
Jul 25 15:02:27 torchtpu-vm systemd[1]: Mounted Kernel Debug File System.
Jul 25 15:02:27 torchtpu-vm systemd[1]: Mounted Kernel Trace File System.
Jul 25 15:02:27 torchtpu-vm systemd[1]: Finished Create List of Static Device Nodes.
Jul 25 15:02:27 torchtpu-vm kernel: [    0.000000] Linux version 6.8.0-1064-gcp (buildd@lcy02-amd64-112) (x86_64-linux-gnu-gcc-12 (Ubuntu 12.3.0-1ubuntu1~22.04.3) 12.3.0, GNU ld (GNU Binutils for Ubuntu) 2.38) #72~22.04.1-Ubuntu SMP Sat Jul 11 00:27:00 UTC 2026 (Ubuntu 6.8.0-1064.72~22.04.1-gcp 6.8.12)
Jul 25 15:02:27 torchtpu-vm systemd[1]: Finished Set the console keyboard layout.
Jul 25 15:02:27 torchtpu-vm kernel: [    0.000000] Command line: BOOT_IMAGE=/boot/vmlinuz-6.8.0-1064-gcp root=PARTUUID=e0dbb2a2-f0fc-4519-a48b-ad43aa589ee1 ro console=ttyS0,115200 idle=poll transparent_hugepage=always intel_iommu=on,sm_on iommu.passthrough=0 panic=-1
Jul 25 15:02:27 torchtpu-vm kernel: [    0.000000] KERNEL supported cpus:
Jul 25 15:02:27 torchtpu-vm kernel: [    0.000000]   Intel GenuineIntel
Jul 25 15:02:27 torchtpu-vm kernel: [    0.000000]   AMD AuthenticAMD
Jul 25 15:02:27 torchtpu-vm kernel: [    0.000000]   Hygon HygonGenuine
Jul 25 15:02:27 torchtpu-vm kernel: [    0.000000]   Centaur CentaurHauls
Jul 25 15:02:27 torchtpu-vm systemd[1]: modprobe@configfs.service: Deactivated successfully.
Jul 25 15:02:27 torchtpu-vm kernel: [    0.000000]   zhaoxin   Shanghai  
Jul 25 15:02:27 torchtpu-vm kernel: [    0.000000] [Firmware Bug]: TSC doesn't count with P0 frequency!
Jul 25 15:02:27 torchtpu-vm kernel: [    0.000000] BIOS-provided physical RAM map:
Jul 25 15:02:27 torchtpu-vm kernel: [    0.000000] BIOS-e820: [mem 0x0000000000000000-0x0000000000000fff] reserved
Jul 25 15:02:27 torchtpu-vm kernel: [    0.000000] BIOS-e820: [mem 0x0000000000001000-0x0000000000054fff] usable
Jul 25 15:02:27 torchtpu-vm kernel: [    0.000000] BIOS-e820: [mem 0x0000000000055000-0x000000000005ffff] reserved
Jul 25 15:02:27 torchtpu-vm kernel: [    0.000000] BIOS-e820: [mem 0x0000000000060000-0x0000000000097fff] usable
Jul 25 15:02:27 torchtpu-vm kernel: [    0.000000] BIOS-e820: [mem 0x0000000000098000-0x000000000009ffff] reserved
Jul 25 15:02:27 torchtpu-vm kernel: [    0.000000] BIOS-e820: [mem 0x0000000000100000-0x00000000bd01bfff] usable
Jul 25 15:02:27 torchtpu-vm kernel: [    0.000000] BIOS-e820: [mem 0x00000000bd01c000-0x00000000bd024fff] ACPI data
Jul 25 15:02:27 torchtpu-vm kernel: [    0.000000] BIOS-e820: [mem 0x00000000bd025000-0x00000000bf6ecfff] usable
Jul 25 15:02:27 torchtpu-vm kernel: [    0.000000] BIOS-e820: [mem 0x00000000bf6ed000-0x00000000bf96cfff] reserved
Jul 25 15:02:27 torchtpu-vm kernel: [    0.000000] BIOS-e820: [mem 0x00000000bf96d000-0x00000000bf97efff] ACPI data
Jul 25 15:02:27 torchtpu-vm systemd[1]: Finished Load Kernel Module configfs.
Jul 25 15:02:27 torchtpu-vm kernel: [    0.000000] BIOS-e820: [mem 0x00000000bf97f000-0x00000000bf9fefff] ACPI NVS
Jul 25 15:02:27 torchtpu-vm kernel: [    0.000000] BIOS-e820: [mem 0x00000000bf9ff000-0x00000000bffdffff] usable
Jul 25 15:02:27 torchtpu-vm kernel: [    0.000000] BIOS-e820: [mem 0x00000000bffe0000-0x00000000bfffffff] reserved
Jul 25 15:02:27 torchtpu-vm kernel: [    0.000000] BIOS-e820: [mem 0x0000000100000000-0x0000002c3fffffff] usable
Jul 25 15:02:27 torchtpu-vm kernel: [    0.000000] process: using polling idle threads
Jul 25 15:02:27 torchtpu-vm kernel: [    0.000000] NX (Execute Disable) protection: active
Jul 25 15:02:27 torchtpu-vm systemd[1]: modprobe@drm.service: Deactivated successfully.
Jul 25 15:02:27 torchtpu-vm kernel: [    0.000000] APIC: Static calls initialized
Jul 25 15:02:27 torchtpu-vm kernel: [    0.000000] efi: EFI v2.7 by EDK II
Jul 25 15:02:27 torchtpu-vm kernel: [    0.000000] efi: TPMFinalLog=0xbf9f7000 ACPI=0xbf97e000 ACPI 2.0=0xbf97e014 SMBIOS=0xbf7ca000 MEMATTR=0xbd025018 MOKvar=0xbf7c8000 RNG=0xbf971018 TPMEventLog=0xbd01c018 
Jul 25 15:02:27 torchtpu-vm kernel: [    0.000000] random: crng init done
Jul 25 15:02:27 torchtpu-vm kernel: [    0.000000] secureboot: Secure boot disabled
Jul 25 15:02:27 torchtpu-vm kernel: [    0.000000] SMBIOS 2.4 present.
Jul 25 15:02:27 torchtpu-vm systemd[1]: Finished Load Kernel Module drm.
Jul 25 15:02:27 torchtpu-vm kernel: [    0.000000] DMI: Google Google Compute Engine/Google Compute Engine, BIOS Google 03/18/2026
Jul 25 15:02:27 torchtpu-vm kernel: [    0.000000] Hypervisor detected: KVM
Jul 25 15:02:27 torchtpu-vm kernel: [    0.000000] kvm-clock: Using msrs 4b564d01 and 4b564d00
Jul 25 15:02:27 torchtpu-vm kernel: [    0.000000] kvm-clock: using sched offset of 9341783423 cycles
Jul 25 15:02:27 torchtpu-vm kernel: [    0.000002] clocksource: kvm-clock: mask: 0xffffffffffffffff max_cycles: 0x1cd42e4dffb, max_idle_ns: 881590591483 ns
Jul 25 15:02:27 torchtpu-vm kernel: [    0.000005] tsc: Detected 2599.996 MHz processor
Jul 25 15:02:27 torchtpu-vm systemd[1]: modprobe@efi_pstore.service: Deactivated successfully.
Jul 25 15:02:27 torchtpu-vm kernel: [    0.000060] e820: update [mem 0x00000000-0x00000fff] usable ==> reserved
Jul 25 15:02:27 torchtpu-vm kernel: [    0.000063] e820: remove [mem 0x000a0000-0x000fffff] usable
Jul 25 15:02:27 torchtpu-vm kernel: [    0.000068] last_pfn = 0x2c40000 max_arch_pfn = 0x400000000
Jul 25 15:02:27 torchtpu-vm kernel: [    0.000096] MTRR map: 3 entries (2 fixed + 1 variable; max 18), built from 8 variable MTRRs
Jul 25 15:02:27 torchtpu-vm kernel: [    0.000099] x86/PAT: Configuration [0-7]: WB  WC  UC- UC  WB  WP  UC- WT  
Jul 25 15:02:27 torchtpu-vm kernel: [    0.000137] last_pfn = 0xbffe0 max_arch_pfn = 0x400000000
Jul 25 15:02:27 torchtpu-vm kernel: [    0.004718] Using GB pages for direct mapping
Jul 25 15:02:27 torchtpu-vm systemd[1]: Finished Load Kernel Module efi_pstore.
Jul 25 15:02:27 torchtpu-vm kernel: [    0.004914] secureboot: Secure boot disabled
Jul 25 15:02:27 torchtpu-vm kernel: [    0.004917] ACPI: Early table checksum verification disabled
Jul 25 15:02:27 torchtpu-vm kernel: [    0.004920] ACPI: RSDP 0x00000000BF97E014 000024 (v02 Google)
Jul 25 15:02:27 torchtpu-vm kernel: [    0.004924] ACPI: XSDT 0x00000000BF97D0E8 000064 (v01 Google GOOGFACP 00000001      01000013)
Jul 25 15:02:27 torchtpu-vm kernel: [    0.004929] ACPI: FACP 0x00000000BF978000 0000F4 (v02 Google GOOGFACP 00000001 GOOG 00000001)
Jul 25 15:02:27 torchtpu-vm kernel: [    0.004934] ACPI: DSDT 0x00000000BF979000 0019F1 (v01 Google GOOGDSDT 00000001 GOOG 00000001)
Jul 25 15:02:27 torchtpu-vm systemd[1]: modprobe@fuse.service: Deactivated successfully.
Jul 25 15:02:27 torchtpu-vm kernel: [    0.004937] ACPI: FACS 0x00000000BF9F1000 000040
Jul 25 15:02:27 torchtpu-vm kernel: [    0.004939] ACPI: SSDT 0x00000000BF97C000 000316 (v02 GOOGLE Tpm2Tabl 00001000 INTL 20250807)
Jul 25 15:02:27 torchtpu-vm kernel: [    0.004942] ACPI: TPM2 0x00000000BF97B000 000034 (v04 GOOGLE          00000001 GOOG 00000001)
Jul 25 15:02:27 torchtpu-vm kernel: [    0.004944] ACPI: SRAT 0x00000000BF977000 000368 (v03 Google GOOGSRAT 00000001 GOOG 00000001)
Jul 25 15:02:27 torchtpu-vm kernel: [    0.004947] ACPI: APIC 0x00000000BF976000 0001C6 (v05 Google GOOGAPIC 00000001 GOOG 00000001)
Jul 25 15:02:27 torchtpu-vm kernel: [    0.004949] ACPI: SSDT 0x00000000BF974000 001A2C (v01 Google GOOGSSDT 00000001 GOOG 00000001)
Jul 25 15:02:27 torchtpu-vm kernel: [    0.004951] ACPI: WAET 0x00000000BF973000 000028 (v01 Google GOOGWAET 00000001 GOOG 00000001)
Jul 25 15:02:27 torchtpu-vm systemd[1]: Finished Load Kernel Module fuse.
Jul 25 15:02:27 torchtpu-vm kernel: [    0.004954] ACPI: IVRS 0x00000000BF972000 00004C (v01 Google GOOGIVRS 00000001 GOOG 00000001)
Jul 25 15:02:27 torchtpu-vm kernel: [    0.004956] ACPI: Reserving FACP table memory at [mem 0xbf978000-0xbf9780f3]
Jul 25 15:02:27 torchtpu-vm kernel: [    0.004957] ACPI: Reserving DSDT table memory at [mem 0xbf979000-0xbf97a9f0]
Jul 25 15:02:27 torchtpu-vm kernel: [    0.004958] ACPI: Reserving FACS table memory at [mem 0xbf9f1000-0xbf9f103f]
Jul 25 15:02:27 torchtpu-vm kernel: [    0.004959] ACPI: Reserving SSDT table memory at [mem 0xbf97c000-0xbf97c315]
Jul 25 15:02:27 torchtpu-vm kernel: [    0.004960] ACPI: Reserving TPM2 table memory at [mem 0xbf97b000-0xbf97b033]
Jul 25 15:02:27 torchtpu-vm kernel: [    0.004960] ACPI: Reserving SRAT table memory at [mem 0xbf977000-0xbf977367]
Jul 25 15:02:27 torchtpu-vm kernel: [    0.004961] ACPI: Reserving APIC table memory at [mem 0xbf976000-0xbf9761c5]
Jul 25 15:02:27 torchtpu-vm kernel: [    0.004962] ACPI: Reserving SSDT table memory at [mem 0xbf974000-0xbf975a2b]
Jul 25 15:02:27 torchtpu-vm kernel: [    0.004962] ACPI: Reserving WAET table memory at [mem 0xbf973000-0xbf973027]
Jul 25 15:02:27 torchtpu-vm kernel: [    0.004963] ACPI: Reserving IVRS table memory at [mem 0xbf972000-0xbf97204b]
Jul 25 15:02:27 torchtpu-vm kernel: [    0.005027] SRAT: PXM 0 -> APIC 0x00 -> Node 0
Jul 25 15:02:27 torchtpu-vm systemd[1]: Finished Load Kernel Modules.
Jul 25 15:02:27 torchtpu-vm kernel: [    0.005028] SRAT: PXM 0 -> APIC 0x01 -> Node 0
Jul 25 15:02:27 torchtpu-vm kernel: [    0.005029] SRAT: PXM 0 -> APIC 0x02 -> Node 0
Jul 25 15:02:27 torchtpu-vm kernel: [    0.005029] SRAT: PXM 0 -> APIC 0x03 -> Node 0
Jul 25 15:02:27 torchtpu-vm kernel: [    0.005030] SRAT: PXM 0 -> APIC 0x04 -> Node 0
Jul 25 15:02:27 torchtpu-vm kernel: [    0.005031] SRAT: PXM 0 -> APIC 0x05 -> Node 0
Jul 25 15:02:27 torchtpu-vm kernel: [    0.005031] SRAT: PXM 0 -> APIC 0x06 -> Node 0
Jul 25 15:02:27 torchtpu-vm kernel: [    0.005032] SRAT: PXM 0 -> APIC 0x07 -> Node 0
Jul 25 15:02:27 torchtpu-vm systemd[1]: Mounting FUSE Control File System...
Jul 25 15:02:27 torchtpu-vm kernel: [    0.005032] SRAT: PXM 0 -> APIC 0x08 -> Node 0
Jul 25 15:02:27 torchtpu-vm kernel: [    0.005033] SRAT: PXM 0 -> APIC 0x09 -> Node 0
Jul 25 15:02:27 torchtpu-vm kernel: [    0.005034] SRAT: PXM 0 -> APIC 0x0a -> Node 0
Jul 25 15:02:27 torchtpu-vm kernel: [    0.005034] SRAT: PXM 0 -> APIC 0x0b -> Node 0
Jul 25 15:02:27 torchtpu-vm kernel: [    0.005035] SRAT: PXM 0 -> APIC 0x0c -> Node 0
Jul 25 15:02:27 torchtpu-vm kernel: [    0.005035] SRAT: PXM 0 -> APIC 0x0d -> Node 0
Jul 25 15:02:27 torchtpu-vm systemd[1]: Mounting Kernel Configuration File System...
Jul 25 15:02:27 torchtpu-vm kernel: [    0.005036] SRAT: PXM 0 -> APIC 0x0e -> Node 0
Jul 25 15:02:27 torchtpu-vm kernel: [    0.005037] SRAT: PXM 0 -> APIC 0x0f -> Node 0
Jul 25 15:02:27 torchtpu-vm kernel: [    0.005037] SRAT: PXM 0 -> APIC 0x10 -> Node 0
Jul 25 15:02:27 torchtpu-vm kernel: [    0.005038] SRAT: PXM 0 -> APIC 0x11 -> Node 0
Jul 25 15:02:27 torchtpu-vm kernel: [    0.005039] SRAT: PXM 0 -> APIC 0x12 -> Node 0
Jul 25 15:02:27 torchtpu-vm kernel: [    0.005039] SRAT: PXM 0 -> APIC 0x13 -> Node 0
Jul 25 15:02:27 torchtpu-vm kernel: [    0.005040] SRAT: PXM 0 -> APIC 0x14 -> Node 0
Jul 25 15:02:27 torchtpu-vm systemd[1]: Started File System Check Daemon to report status.
Jul 25 15:02:27 torchtpu-vm kernel: [    0.005041] SRAT: PXM 0 -> APIC 0x15 -> Node 0
Jul 25 15:02:27 torchtpu-vm kernel: [    0.005041] SRAT: PXM 0 -> APIC 0x16 -> Node 0
Jul 25 15:02:27 torchtpu-vm kernel: [    0.005042] SRAT: PXM 0 -> APIC 0x17 -> Node 0
Jul 25 15:02:27 torchtpu-vm kernel: [    0.005043] SRAT: PXM 0 -> APIC 0x18 -> Node 0
Jul 25 15:02:27 torchtpu-vm kernel: [    0.005043] SRAT: PXM 0 -> APIC 0x19 -> Node 0
Jul 25 15:02:27 torchtpu-vm kernel: [    0.005044] SRAT: PXM 0 -> APIC 0x1a -> Node 0
Jul 25 15:02:27 torchtpu-vm kernel: [    0.005044] SRAT: PXM 0 -> APIC 0x1b -> Node 0
Jul 25 15:02:27 torchtpu-vm systemd[1]: Starting Apply Kernel Variables...
Jul 25 15:02:27 torchtpu-vm kernel: [    0.005045] SRAT: PXM 0 -> APIC 0x1c -> Node 0
Jul 25 15:02:27 torchtpu-vm kernel: [    0.005046] SRAT: PXM 0 -> APIC 0x1d -> Node 0
Jul 25 15:02:27 torchtpu-vm kernel: [    0.005046] SRAT: PXM 0 -> APIC 0x20 -> Node 0
Jul 25 15:02:27 torchtpu-vm kernel: [    0.005047] SRAT: PXM 0 -> APIC 0x21 -> Node 0
Jul 25 15:02:27 torchtpu-vm kernel: [    0.005048] SRAT: PXM 0 -> APIC 0x22 -> Node 0
Jul 25 15:02:27 torchtpu-vm systemd[1]: Mounted FUSE Control File System.
Jul 25 15:02:27 torchtpu-vm kernel: [    0.005048] SRAT: PXM 0 -> APIC 0x23 -> Node 0
Jul 25 15:02:27 torchtpu-vm kernel: [    0.005049] SRAT: PXM 0 -> APIC 0x24 -> Node 0
Jul 25 15:02:27 torchtpu-vm kernel: [    0.005049] SRAT: PXM 0 -> APIC 0x25 -> Node 0
Jul 25 15:02:27 torchtpu-vm kernel: [    0.005050] SRAT: PXM 0 -> APIC 0x26 -> Node 0
Jul 25 15:02:27 torchtpu-vm kernel: [    0.005051] SRAT: PXM 0 -> APIC 0x27 -> Node 0
Jul 25 15:02:27 torchtpu-vm kernel: [    0.005051] SRAT: PXM 0 -> APIC 0x28 -> Node 0
Jul 25 15:02:27 torchtpu-vm kernel: [    0.005052] SRAT: PXM 0 -> APIC 0x29 -> Node 0
Jul 25 15:02:27 torchtpu-vm kernel: [    0.005053] SRAT: PXM 0 -> APIC 0x2a -> Node 0
Jul 25 15:02:27 torchtpu-vm kernel: [    0.005053] SRAT: PXM 0 -> APIC 0x2b -> Node 0
Jul 25 15:02:27 torchtpu-vm kernel: [    0.005054] SRAT: PXM 0 -> APIC 0x2c -> Node 0
Jul 25 15:02:27 torchtpu-vm systemd[1]: Mounted Kernel Configuration File System.
Jul 25 15:02:27 torchtpu-vm kernel: [    0.005054] SRAT: PXM 0 -> APIC 0x2d -> Node 0
Jul 25 15:02:27 torchtpu-vm kernel: [    0.005056] ACPI: SRAT: Node 0 PXM 0 [mem 0x00000000-0x0009ffff]
Jul 25 15:02:27 torchtpu-vm kernel: [    0.005058] ACPI: SRAT: Node 0 PXM 0 [mem 0x00100000-0xbfffffff]
Jul 25 15:02:27 torchtpu-vm kernel: [    0.005059] ACPI: SRAT: Node 0 PXM 0 [mem 0x100000000-0x2c3fffffff]
Jul 25 15:02:27 torchtpu-vm systemd-fsck[445]: cloudimg-rootfs: clean, 76456/516096 files, 638432/1020155 blocks
Jul 25 15:02:27 torchtpu-vm systemd[1]: Finished File System Check on Root Device.
Jul 25 15:02:27 torchtpu-vm systemd[1]: Starting Remount Root and Kernel File Systems...
Jul 25 15:02:27 torchtpu-vm systemd[1]: Finished Apply Kernel Variables.
Jul 25 15:02:27 torchtpu-vm systemd[1]: Finished Remount Root and Kernel File Systems.
Jul 25 15:02:27 torchtpu-vm systemd[1]: Starting Device-Mapper Multipath Device Controller...
Jul 25 15:02:27 torchtpu-vm systemd[1]: Starting Flush Journal to Persistent Storage...
Jul 25 15:02:27 torchtpu-vm systemd[1]: Condition check resulted in Platform Persistent Storage Archival being skipped.
Jul 25 15:02:27 torchtpu-vm systemd[1]: Starting Load/Save Random Seed...
Jul 25 15:02:27 torchtpu-vm systemd[1]: Starting Create System Users...
Jul 25 15:02:27 torchtpu-vm systemd[1]: Finished Coldplug All udev Devices.
Jul 25 15:02:27 torchtpu-vm systemd[1]: Finished Load/Save Random Seed.
Jul 25 15:02:27 torchtpu-vm systemd[1]: Condition check resulted in First Boot Complete being skipped.
Jul 25 15:02:27 torchtpu-vm systemd[1]: Finished Create System Users.
Jul 25 15:02:27 torchtpu-vm systemd[1]: Starting Create Static Device Nodes in /dev...
Jul 25 15:02:27 torchtpu-vm kernel: [    0.005062] NUMA: Node 0 [mem 0x00000000-0x0009ffff] + [mem 0x00100000-0xbfffffff] -> [mem 0x00000000-0xbfffffff]
Jul 25 15:02:27 torchtpu-vm systemd[1]: Finished Flush Journal to Persistent Storage.
Jul 25 15:02:27 torchtpu-vm kernel: [    0.005064] NUMA: Node 0 [mem 0x00000000-0xbfffffff] + [mem 0x100000000-0x2c3fffffff] -> [mem 0x00000000-0x2c3fffffff]
Jul 25 15:02:27 torchtpu-vm kernel: [    0.005071] NODE_DATA(0) allocated [mem 0x2c3ffd5000-0x2c3fffffff]
Jul 25 15:02:27 torchtpu-vm kernel: [    0.005383] Zone ranges:
Jul 25 15:02:27 torchtpu-vm kernel: [    0.005384]   DMA      [mem 0x0000000000001000-0x0000000000ffffff]
Jul 25 15:02:27 torchtpu-vm kernel: [    0.005386]   DMA32    [mem 0x0000000001000000-0x00000000ffffffff]
Jul 25 15:02:27 torchtpu-vm kernel: [    0.005387]   Normal   [mem 0x0000000100000000-0x0000002c3fffffff]
Jul 25 15:02:27 torchtpu-vm kernel: [    0.005389]   Device   empty
Jul 25 15:02:27 torchtpu-vm kernel: [    0.005390] Movable zone start for each node
Jul 25 15:02:27 torchtpu-vm kernel: [    0.005391] Early memory node ranges
Jul 25 15:02:27 torchtpu-vm kernel: [    0.005392]   node   0: [mem 0x0000000000001000-0x0000000000054fff]
Jul 25 15:02:27 torchtpu-vm kernel: [    0.005393]   node   0: [mem 0x0000000000060000-0x0000000000097fff]
Jul 25 15:02:27 torchtpu-vm kernel: [    0.005394]   node   0: [mem 0x0000000000100000-0x00000000bd01bfff]
Jul 25 15:02:27 torchtpu-vm kernel: [    0.005395]   node   0: [mem 0x00000000bd025000-0x00000000bf6ecfff]
Jul 25 15:02:27 torchtpu-vm kernel: [    0.005396]   node   0: [mem 0x00000000bf9ff000-0x00000000bffdffff]
Jul 25 15:02:27 torchtpu-vm kernel: [    0.005396]   node   0: [mem 0x0000000100000000-0x0000002c3fffffff]
Jul 25 15:02:27 torchtpu-vm kernel: [    0.005410] Initmem setup node 0 [mem 0x0000000000001000-0x0000002c3fffffff]
Jul 25 15:02:27 torchtpu-vm kernel: [    0.005417] On node 0, zone DMA: 1 pages in unavailable ranges
Jul 25 15:02:27 torchtpu-vm systemd[1]: Finished Create Static Device Nodes in /dev.
Jul 25 15:02:27 torchtpu-vm kernel: [    0.005419] On node 0, zone DMA: 11 pages in unavailable ranges
Jul 25 15:02:27 torchtpu-vm kernel: [    0.005431] On node 0, zone DMA: 104 pages in unavailable ranges
Jul 25 15:02:27 torchtpu-vm kernel: [    0.007508] On node 0, zone DMA32: 9 pages in unavailable ranges
Jul 25 15:02:27 torchtpu-vm kernel: [    0.007519] On node 0, zone DMA32: 786 pages in unavailable ranges
Jul 25 15:02:27 torchtpu-vm kernel: [    0.130885] On node 0, zone Normal: 32 pages in unavailable ranges
Jul 25 15:02:27 torchtpu-vm multipathd[479]: --------start up--------
Jul 25 15:02:27 torchtpu-vm kernel: [    0.131185] ACPI: PM-Timer IO Port: 0xb008
Jul 25 15:02:27 torchtpu-vm kernel: [    0.131201] ACPI: LAPIC_NMI (acpi_id[0xff] dfl dfl lint[0x1])
Jul 25 15:02:27 torchtpu-vm kernel: [    0.131253] IOAPIC[0]: apic_id 0, version 17, address 0xfec00000, GSI 0-23
Jul 25 15:02:27 torchtpu-vm kernel: [    0.131256] ACPI: INT_SRC_OVR (bus 0 bus_irq 5 global_irq 5 high level)
Jul 25 15:02:27 torchtpu-vm kernel: [    0.131258] ACPI: INT_SRC_OVR (bus 0 bus_irq 9 global_irq 9 high level)
Jul 25 15:02:27 torchtpu-vm kernel: [    0.131259] ACPI: INT_SRC_OVR (bus 0 bus_irq 10 global_irq 10 high level)
Jul 25 15:02:27 torchtpu-vm kernel: [    0.131260] ACPI: INT_SRC_OVR (bus 0 bus_irq 11 global_irq 11 high level)
Jul 25 15:02:27 torchtpu-vm kernel: [    0.131264] ACPI: Using ACPI (MADT) for SMP configuration information
Jul 25 15:02:27 torchtpu-vm multipathd[479]: read /etc/multipath.conf
Jul 25 15:02:27 torchtpu-vm kernel: [    0.131265] smpboot: Allowing 44 CPUs, 0 hotplug CPUs
Jul 25 15:02:27 torchtpu-vm kernel: [    0.131287] PM: hibernation: Registered nosave memory: [mem 0x00000000-0x00000fff]
Jul 25 15:02:27 torchtpu-vm kernel: [    0.131289] PM: hibernation: Registered nosave memory: [mem 0x00055000-0x0005ffff]
Jul 25 15:02:27 torchtpu-vm kernel: [    0.131290] PM: hibernation: Registered nosave memory: [mem 0x00098000-0x000fffff]
Jul 25 15:02:27 torchtpu-vm kernel: [    0.131291] PM: hibernation: Registered nosave memory: [mem 0xbd01c000-0xbd024fff]
Jul 25 15:02:27 torchtpu-vm kernel: [    0.131292] PM: hibernation: Registered nosave memory: [mem 0xbf6ed000-0xbf9fefff]
Jul 25 15:02:27 torchtpu-vm systemd[1]: Starting Rule-based Manager for Device Events and Files...
Jul 25 15:02:27 torchtpu-vm kernel: [    0.131294] PM: hibernation: Registered nosave memory: [mem 0xbffe0000-0xffffffff]
Jul 25 15:02:27 torchtpu-vm kernel: [    0.131296] [mem 0xc0000000-0xffffffff] available for PCI devices
Jul 25 15:02:27 torchtpu-vm kernel: [    0.131297] Booting paravirtualized kernel on KVM
Jul 25 15:02:27 torchtpu-vm kernel: [    0.131299] clocksource: refined-jiffies: mask: 0xffffffff max_cycles: 0xffffffff, max_idle_ns: 1910969940391419 ns
Jul 25 15:02:27 torchtpu-vm kernel: [    0.131307] setup_percpu: NR_CPUS:8192 nr_cpumask_bits:44 nr_cpu_ids:44 nr_node_ids:1
Jul 25 15:02:27 torchtpu-vm kernel: [    0.132542] percpu: Embedded 85 pages/cpu s225280 r8192 d114688 u524288
Jul 25 15:02:27 torchtpu-vm multipathd[479]: path checkers start up
Jul 25 15:02:27 torchtpu-vm kernel: [    0.132549] pcpu-alloc: s225280 r8192 d114688 u524288 alloc=1*2097152
Jul 25 15:02:27 torchtpu-vm kernel: [    0.132551] pcpu-alloc: [0] 00 01 02 03 [0] 04 05 06 07 
Jul 25 15:02:27 torchtpu-vm kernel: [    0.132557] pcpu-alloc: [0] 08 09 10 11 [0] 12 13 14 15 
Jul 25 15:02:27 torchtpu-vm kernel: [    0.132562] pcpu-alloc: [0] 16 17 18 19 [0] 20 21 22 23 
Jul 25 15:02:27 torchtpu-vm kernel: [    0.132566] pcpu-alloc: [0] 24 25 26 27 [0] 28 29 30 31 
Jul 25 15:02:27 torchtpu-vm kernel: [    0.132571] pcpu-alloc: [0] 32 33 34 35 [0] 36 37 38 39 
Jul 25 15:02:27 torchtpu-vm systemd[1]: Started Device-Mapper Multipath Device Controller.
Jul 25 15:02:27 torchtpu-vm kernel: [    0.132575] pcpu-alloc: [0] 40 41 42 43 
Jul 25 15:02:27 torchtpu-vm kernel: [    0.132600] kvm-guest: PV spinlocks enabled
Jul 25 15:02:27 torchtpu-vm kernel: [    0.132603] PV qspinlock hash table entries: 256 (order: 0, 4096 bytes, linear)
Jul 25 15:02:27 torchtpu-vm systemd[1]: Started Rule-based Manager for Device Events and Files.
Jul 25 15:02:27 torchtpu-vm kernel: [    0.132605] Kernel command line: BOOT_IMAGE=/boot/vmlinuz-6.8.0-1064-gcp root=PARTUUID=e0dbb2a2-f0fc-4519-a48b-ad43aa589ee1 ro console=ttyS0,115200 idle=poll transparent_hugepage=always intel_iommu=on,sm_on iommu.passthrough=0 panic=-1
Jul 25 15:02:27 torchtpu-vm kernel: [    0.132675] DMAR: IOMMU enabled
Jul 25 15:02:27 torchtpu-vm kernel: [    0.132676] DMAR: Enable scalable mode if hardware supports
Jul 25 15:02:27 torchtpu-vm kernel: [    0.132699] printk: log_buf_len individual max cpu contribution: 4096 bytes
Jul 25 15:02:27 torchtpu-vm systemd[1]: Condition check resulted in Show Plymouth Boot Screen being skipped.
Jul 25 15:02:27 torchtpu-vm kernel: [    0.132700] printk: log_buf_len total cpu_extra contributions: 176128 bytes
Jul 25 15:02:27 torchtpu-vm kernel: [    0.132701] printk: log_buf_len min size: 262144 bytes
Jul 25 15:02:27 torchtpu-vm kernel: [    0.132871] printk: log_buf_len: 524288 bytes
Jul 25 15:02:27 torchtpu-vm kernel: [    0.132872] printk: early log buf free: 250936(95%)
Jul 25 15:02:27 torchtpu-vm kernel: [    0.137339] Dentry cache hash table entries: 16777216 (order: 15, 134217728 bytes, linear)
Jul 25 15:02:27 torchtpu-vm kernel: [    0.139574] Inode-cache hash table entries: 8388608 (order: 14, 67108864 bytes, linear)
Jul 25 15:02:27 torchtpu-vm kernel: [    0.139863] Fallback order for Node 0: 0 
Jul 25 15:02:27 torchtpu-vm kernel: [    0.139869] Built 1 zonelists, mobility grouping on.  Total pages: 45413359
Jul 25 15:02:27 torchtpu-vm systemd[1]: Started Dispatch Password Requests to Console Directory Watch.
Jul 25 15:02:27 torchtpu-vm kernel: [    0.139871] Policy zone: Normal
Jul 25 15:02:27 torchtpu-vm systemd[1]: Condition check resulted in Forward Password Requests to Plymouth Directory Watch being skipped.
Jul 25 15:02:27 torchtpu-vm kernel: [    0.139878] mem auto-init: stack:all(zero), heap alloc:on, heap free:off
Jul 25 15:02:27 torchtpu-vm kernel: [    0.140052] software IO TLB: area num 64.
Jul 25 15:02:27 torchtpu-vm kernel: [    0.376242] Memory: 181270484K/184545604K available (22528K kernel code, 4487K rwdata, 14272K rodata, 5076K init, 4588K bss, 3274860K reserved, 0K cma-reserved)
Jul 25 15:02:27 torchtpu-vm systemd[1]: Reached target Local Encrypted Volumes.
Jul 25 15:02:27 torchtpu-vm kernel: [    0.377375] SLUB: HWalign=64, Order=0-3, MinObjects=0, CPUs=44, Nodes=1
Jul 25 15:02:27 torchtpu-vm kernel: [    0.377403] ftrace: allocating 59359 entries in 232 pages
Jul 25 15:02:27 torchtpu-vm kernel: [    0.388933] ftrace: allocated 232 pages with 4 groups
Jul 25 15:02:27 torchtpu-vm kernel: [    0.389163] rcu: Hierarchical RCU implementation.
Jul 25 15:02:27 torchtpu-vm kernel: [    0.389164] rcu: 	RCU restricting CPUs from NR_CPUS=8192 to nr_cpu_ids=44.
Jul 25 15:02:27 torchtpu-vm kernel: [    0.389165] 	Rude variant of Tasks RCU enabled.
Jul 25 15:02:27 torchtpu-vm kernel: [    0.389166] 	Tracing variant of Tasks RCU enabled.
Jul 25 15:02:27 torchtpu-vm multipath: nvme0n1: uid = nvme.1ae0-6e766d655f636172642d7064-6e766d655f636172642d7064-00000001 (sysfs)
Jul 25 15:02:27 torchtpu-vm kernel: [    0.389167] rcu: RCU calculated value of scheduler-enlistment delay is 100 jiffies.
Jul 25 15:02:27 torchtpu-vm kernel: [    0.389168] rcu: Adjusting geometry for rcu_fanout_leaf=16, nr_cpu_ids=44
Jul 25 15:02:27 torchtpu-vm kernel: [    0.389189] RCU Tasks Rude: Setting shift to 6 and lim to 1 rcu_task_cb_adjust=1 rcu_task_cpu_ids=44.
Jul 25 15:02:27 torchtpu-vm kernel: [    0.389192] RCU Tasks Trace: Setting shift to 6 and lim to 1 rcu_task_cb_adjust=1 rcu_task_cpu_ids=44.
Jul 25 15:02:27 torchtpu-vm kernel: [    0.391990] NR_IRQS: 524544, nr_irqs: 776, preallocated irqs: 16
Jul 25 15:02:27 torchtpu-vm kernel: [    0.392247] rcu: srcu_init: Setting srcu_struct sizes based on contention.
Jul 25 15:02:27 torchtpu-vm systemd[1]: Found device /dev/ttyS0.
Jul 25 15:02:27 torchtpu-vm kernel: [    0.392327] Console: colour dummy device 80x25
Jul 25 15:02:27 torchtpu-vm kernel: [    0.392377] printk: legacy console [ttyS0] enabled
Jul 25 15:02:27 torchtpu-vm kernel: [    0.527047] ACPI: Core revision 20230628
Jul 25 15:02:27 torchtpu-vm kernel: [    0.527605] APIC: Switch to symmetric I/O mode setup
Jul 25 15:02:27 torchtpu-vm kernel: [    0.528019] AMD-Vi: Using global IVHD EFR:0x0, EFR2:0x0
Jul 25 15:02:27 torchtpu-vm kernel: [    0.528629] AMD-Vi: [Firmware Bug]: : IOAPIC[0] not in IVRS table
Jul 25 15:02:27 torchtpu-vm systemd[1]: Listening on Load/Save RF Kill Switch Status /dev/rfkill Watch.
Jul 25 15:02:27 torchtpu-vm systemd-udevd[595]: Using default interface naming scheme 'v249'.
Jul 25 15:02:27 torchtpu-vm kernel: [    0.529131] AMD-Vi: [Firmware Bug]: : No southbridge IOAPIC found
Jul 25 15:02:27 torchtpu-vm kernel: [    0.529635] AMD-Vi: Disabling interrupt remapping
Jul 25 15:02:27 torchtpu-vm kernel: [    0.530335] x2apic enabled
Jul 25 15:02:27 torchtpu-vm kernel: [    0.533063] APIC: Switched APIC routing to: physical x2apic
Jul 25 15:02:27 torchtpu-vm kernel: [    0.536779] ..TIMER: vector=0x30 apic1=0 pin1=0 apic2=-1 pin2=-1
Jul 25 15:02:27 torchtpu-vm systemd-udevd[537]: Using default interface naming scheme 'v249'.
Jul 25 15:02:27 torchtpu-vm kernel: [    0.537498] clocksource: tsc-early: mask: 0xffffffffffffffff max_cycles: 0x257a386c905, max_idle_ns: 440795250529 ns
Jul 25 15:02:27 torchtpu-vm systemd[1]: Found device nvme_card-pd UEFI.
Jul 25 15:02:27 torchtpu-vm systemd[1]: Finished Monitoring of LVM2 mirrors, snapshots etc. using dmeventd or progress polling.
Jul 25 15:02:27 torchtpu-vm kernel: [    0.538355] Calibrating delay loop (skipped) preset value.. 5199.99 BogoMIPS (lpj=2599996)
Jul 25 15:02:27 torchtpu-vm kernel: [    0.539439] x86/cpu: User Mode Instruction Prevention (UMIP) activated
Jul 25 15:02:27 torchtpu-vm kernel: [    0.540485] process: WARNING: polling idle and HT enabled, performance may degrade
Jul 25 15:02:27 torchtpu-vm kernel: [    0.541353] Last level iTLB entries: 4KB 512, 2MB 512, 4MB 256
Jul 25 15:02:27 torchtpu-vm kernel: [    0.541878] Last level dTLB entries: 4KB 3072, 2MB 3072, 4MB 1536, 1GB 0
Jul 25 15:02:27 torchtpu-vm kernel: [    0.542355] Spectre V1 : Mitigation: usercopy/swapgs barriers and __user pointer sanitization
Jul 25 15:02:27 torchtpu-vm kernel: [    0.543353] Spectre V2 : Mitigation: Retpolines
Jul 25 15:02:27 torchtpu-vm systemd[1]: Reached target Preparation for Local File Systems.
Jul 25 15:02:27 torchtpu-vm kernel: [    0.544352] Spectre V2 : Spectre v2 / SpectreRSB: Filling RSB on context switch and VMEXIT
Jul 25 15:02:27 torchtpu-vm kernel: [    0.544974] Spectre V2 : Enabling Restricted Speculation for firmware calls
Jul 25 15:02:27 torchtpu-vm kernel: [    0.545353] Spectre V2 : mitigation: Enabling conditional Indirect Branch Prediction Barrier
Jul 25 15:02:27 torchtpu-vm systemd[1]: Mounting Mount unit for ai-telemetry-collector, revision 1...
Jul 25 15:02:27 torchtpu-vm kernel: [    0.545949] Spectre V2 : User space: Mitigation: STIBP always-on protection
Jul 25 15:02:27 torchtpu-vm kernel: [    0.546353] Speculative Store Bypass: Mitigation: Speculative Store Bypass disabled via prctl
Jul 25 15:02:27 torchtpu-vm kernel: [    0.547352] active return thunk: srso_alias_return_thunk
Jul 25 15:02:27 torchtpu-vm kernel: [    0.547791] Speculative Return Stack Overflow: Mitigation: Safe RET
Jul 25 15:02:27 torchtpu-vm systemd[1]: Mounting Mount unit for core22, revision 2411...
Jul 25 15:02:27 torchtpu-vm systemd[1]: Mounting Mount unit for core24, revision 1643...
Jul 25 15:02:27 torchtpu-vm systemd[1]: Mounting Mount unit for google-cloud-cli, revision 481...
Jul 25 15:02:27 torchtpu-vm systemd[1]: Mounting Mount unit for lxd, revision 40115...
Jul 25 15:02:27 torchtpu-vm systemd[1]: Mounting Mount unit for snapd, revision 27591...
Jul 25 15:02:27 torchtpu-vm systemd[1]: Mounting Mount unit for vbarcontrolagent, revision 1...
Jul 25 15:02:27 torchtpu-vm systemd[1]: Starting File System Check on /dev/disk/by-label/UEFI...
Jul 25 15:02:27 torchtpu-vm systemd[1]: Mounted Mount unit for ai-telemetry-collector, revision 1.
Jul 25 15:02:27 torchtpu-vm systemd[1]: Mounted Mount unit for core22, revision 2411.
Jul 25 15:02:27 torchtpu-vm systemd[1]: Mounted Mount unit for core24, revision 1643.
Jul 25 15:02:27 torchtpu-vm systemd[1]: Mounted Mount unit for google-cloud-cli, revision 481.
Jul 25 15:02:27 torchtpu-vm systemd[1]: Mounted Mount unit for lxd, revision 40115.
Jul 25 15:02:27 torchtpu-vm systemd[1]: Mounted Mount unit for snapd, revision 27591.
Jul 25 15:02:27 torchtpu-vm systemd[1]: Mounted Mount unit for vbarcontrolagent, revision 1.
Jul 25 15:02:27 torchtpu-vm systemd[1]: Reached target Mounted snaps.
Jul 25 15:02:27 torchtpu-vm kernel: [    0.548352] Transient Scheduler Attacks: Mitigation: Clear CPU buffers
Jul 25 15:02:27 torchtpu-vm kernel: [    0.549371] x86/fpu: Supporting XSAVE feature 0x001: 'x87 floating point registers'
Jul 25 15:02:27 torchtpu-vm systemd-fsck[714]: fsck.fat 4.2 (2021-01-31)
Jul 25 15:02:27 torchtpu-vm kernel: [    0.549935] x86/fpu: Supporting XSAVE feature 0x002: 'SSE registers'
Jul 25 15:02:27 torchtpu-vm kernel: [    0.550352] x86/fpu: Supporting XSAVE feature 0x004: 'AVX registers'
Jul 25 15:02:27 torchtpu-vm kernel: [    0.550803] x86/fpu: Supporting XSAVE feature 0x020: 'AVX-512 opmask'
Jul 25 15:02:27 torchtpu-vm systemd-fsck[714]: /dev/nvme0n1p15: 12 files, 12387/213663 clusters
Jul 25 15:02:27 torchtpu-vm kernel: [    0.551352] x86/fpu: Supporting XSAVE feature 0x040: 'AVX-512 Hi256'
Jul 25 15:02:27 torchtpu-vm kernel: [    0.552352] x86/fpu: Supporting XSAVE feature 0x080: 'AVX-512 ZMM_Hi256'
Jul 25 15:02:27 torchtpu-vm kernel: [    0.552828] x86/fpu: xstate_offset[2]:  576, xstate_sizes[2]:  256
Jul 25 15:02:27 torchtpu-vm kernel: [    0.553352] x86/fpu: xstate_offset[5]:  832, xstate_sizes[5]:   64
Jul 25 15:02:27 torchtpu-vm kernel: [    0.554352] x86/fpu: xstate_offset[6]:  896, xstate_sizes[6]:  512
Jul 25 15:02:27 torchtpu-vm kernel: [    0.555352] x86/fpu: xstate_offset[7]: 1408, xstate_sizes[7]: 1024
Jul 25 15:02:27 torchtpu-vm kernel: [    0.556352] x86/fpu: Enabled xstate features 0xe7, context size is 2432 bytes, using 'compacted' format.
Jul 25 15:02:27 torchtpu-vm systemd[1]: Finished File System Check on /dev/disk/by-label/UEFI.
Jul 25 15:02:27 torchtpu-vm systemd[1]: Mounting /boot/efi...
Jul 25 15:02:27 torchtpu-vm kernel: [    0.589410] Freeing SMP alternatives memory: 48K
Jul 25 15:02:27 torchtpu-vm kernel: [    0.590048] pid_max: default: 45056 minimum: 352
Jul 25 15:02:27 torchtpu-vm kernel: [    0.597135] LSM: initializing lsm=lockdown,capability,landlock,yama,apparmor,integrity
Jul 25 15:02:27 torchtpu-vm kernel: [    0.597368] landlock: Up and running.
Jul 25 15:02:27 torchtpu-vm kernel: [    0.598352] Yama: becoming mindf[[0;32m  OK  [0m] Started [0;1;39mSystem Logging Service[0m.
ul.
Jul 25 15:02:27 torchtpu-vm kernel: [    0.599391] AppArmor: AppArmor initialized
Jul 25 15:02:27 torchtpu-vm systemd[1]: Mounted /boot/efi.
Jul 25 15:02:27 torchtpu-vm kernel: [    0.599813] Mount-cache hash table entries: 262144 (order: 9, 2097152 bytes, linear)
Jul 25 15:02:27 torchtpu-vm kernel: [    0.600412] Mountpoint-cache hash table entries: 262144 (order: 9, 2097152 bytes, linear)
Jul 25 15:02:27 torchtpu-vm kernel: [    0.703936] smpboot: CPU0: AMD EPYC 9B14 (family: 0x19, model: 0x11, stepping: 0x1)
Jul 25 15:02:27 torchtpu-vm kernel: [    0.704618] Performance Events: PMU not available due to virtualization, using software events only.
Jul 25 15:02:27 torchtpu-vm kernel: [    0.705398] signal: max sigframe size: 3376
Jul 25 15:02:27 torchtpu-vm kernel: [    0.706357] rcu: Hierarchical SRCU implementation.
Jul 25 15:02:27 torchtpu-vm systemd[1]: Reached target Local File Systems.
Jul 25 15:02:27 torchtpu-vm kernel: [    0.706847] rcu: 	Max phase no-delay instances is 400.
Jul 25 15:02:27 torchtpu-vm kernel: [    0.708841] NMI watchdog: Perf NMI watchdog permanently disabled
Jul 25 15:02:27 torchtpu-vm systemd[1]: Starting Load AppArmor profiles...
Jul 25 15:02:27 torchtpu-vm kernel: [    0.709657] smp: Bringing up secondary CPUs ...
Jul 25 15:02:27 torchtpu-vm kernel: [    0.710455] smpboot: x86: Booting SMP configuration:
Jul 25 15:02:27 torchtpu-vm kernel: [    0.710795] .... node  #0, CPUs:        #1  #2  #3  #4  #5  #6  #7  #8  #9 #10 #11 #12 #13 #14 #15 #16 #17 #18 #19 #20 #21 #22 #23 #24 #25 #26 #27 #28 #29 #30 #31 #32 #33 #34 #35 #36 #37 #38 #39 #40 #41 #42 #43
Jul 25 15:02:27 torchtpu-vm kernel: [    0.727572] Spectre V2 : Update user space SMT mitigation: STIBP always-on
Jul 25 15:02:27 torchtpu-vm systemd[1]: Starting Set console font and keymap...
Jul 25 15:02:27 torchtpu-vm kernel: [    0.737469] smp: Brought up 1 node, 44 CPUs
Jul 25 15:02:27 torchtpu-vm kernel: [    0.737839] smpboot: Max logical packages: 1
Jul 25 15:02:27 torchtpu-vm kernel: [    0.738354] smpboot: Total of 44 processors activated (228799.64 BogoMIPS)
Jul 25 15:02:27 torchtpu-vm kernel: [    0.745427] devtmpfs: initialized
Jul 25 15:02:27 torchtpu-vm kernel: [    0.745685] x86/mm: Memory block size: 1024MB
Jul 25 15:02:27 torchtpu-vm kernel: [    0.750784] ACPI: PM: Registering ACPI NVS region [mem 0xbf97f000-0xbf9fefff] (524288 bytes)
Jul 25 15:02:27 torchtpu-vm kernel: [    0.751481] clocksource: jiffies: mask: 0xffffffff max_cycles: 0xffffffff, max_idle_ns: 1911260446275000 ns
Jul 25 15:02:27 torchtpu-vm apparmor.systemd[731]: Restarting AppArmor
Jul 25 15:02:27 torchtpu-vm kernel: [    0.752414] futex hash table entries: 16384 (order: 8, 1048576 bytes, linear)
Jul 25 15:02:27 torchtpu-vm kernel: [    0.753502] pinctrl core: initialized pinctrl subsystem
Jul 25 15:02:27 torchtpu-vm kernel: [    0.754321] PM: RTC time: 15:02:20, date: 2026-07-25
Jul 25 15:02:27 torchtpu-vm kernel: [    0.754919] NET: Registered PF_NETLINK/PF_ROUTE protocol family
Jul 25 15:02:27 torchtpu-vm kernel: [    0.755655] DMA: preallocated 4096 KiB GFP_KERNEL pool for atomic allocations
Jul 25 15:02:27 torchtpu-vm kernel: [    0.756479] DMA: preallocated 4096 KiB GFP_KERNEL|GFP_DMA pool for atomic allocations
Jul 25 15:02:27 torchtpu-vm apparmor.systemd[731]: Reloading AppArmor profiles
Jul 25 15:02:27 torchtpu-vm kernel: [    0.757471] DMA: preallocated 4096 KiB GFP_KERNEL|GFP_DMA32 pool for atomic allocations
Jul 25 15:02:27 torchtpu-vm kernel: [    0.758110] audit: initializing netlink subsys (disabled)
Jul 25 15:02:27 torchtpu-vm kernel: [    0.758373] audit: type=2000 audit(1784991740.230:1): state=initialized audit_enabled=0 res=1
Jul 25 15:02:27 torchtpu-vm kernel: [    0.758548] thermal_sys: Registered thermal governor 'fair_share'
Jul 25 15:02:27 torchtpu-vm kernel: [    0.759058] thermal_sys: Registered thermal governor 'bang_bang'
Jul 25 15:02:27 torchtpu-vm kernel: [    0.759354] thermal_sys: Registered thermal governor 'step_wise'
Jul 25 15:02:27 torchtpu-vm systemd[1]: Starting Create final runtime dir for shutdown pivot root...
Jul[[0;32m  OK  [0m] Finished [0;1;39mPollinate to seed…seudo random number generator[0m.
 25 15:02:27 torchtpu-vm kernel: [    0.759876] thermal_sys: Registered thermal governor 'user_space'
Jul 25 15:02:27 torchtpu-vm kernel: [    0.760353] thermal_sys: Registered thermal governor 'power_allocator'
Jul 25 15:02:27 torchtpu-vm kernel: [    0.760821] cpuidle: using governor ladder
Jul 25 15:02:27 torchtpu-vm kernel: [    0.761372] cpuidle: using governor menu
Jul 25 15:02:27 torchtpu-vm kernel: [    0.764466] efi: Freeing EFI boot services memory: 58588K
Jul 25 15:02:27 torchtpu-vm systemd[1]: Starting Tell Plymouth To Write Out Runtime Data...
Jul 25 15:02:27 torchtpu-vm kernel: [    0.765056] acpiphp: ACPI Hot Plug PCI Controller Driver version: 0.5
Jul 25 15:02:27 torchtpu-vm kernel: [    0.766560] PCI: Using configuration type 1 for base access
Jul 25 15:02:27 torchtpu-vm systemd[1]: Starting Set Up Additional Binary Formats...
Jul 25 15:02:27 torchtpu-vm kernel: [    0.766996] PCI: Using configuration type 1 for extended access
Jul 25 15:02:27 torchtpu-vm kernel: [    0.767762] kprobes: kprobe jump-optimization is enabled. All kprobes are optimized if possible.
Jul 25 15:02:27 torchtpu-vm kernel: [    0.768438] HugeTLB: registered 1.00 GiB page size, pre-allocated 0 pages
Jul 25 15:02:27 torchtpu-vm kernel: [    0.769353] HugeTLB: 16380 KiB vmemmap can be freed for a 1.00 GiB page
Jul 25 15:02:27 torchtpu-vm kernel: [    0.769353] HugeTLB: registered 2.00 MiB page size, pre-allocated 0 pages
Jul 25 15:02:27 torchtpu-vm kernel: [    0.769902] HugeTLB: 28 KiB vmemmap can be freed for a 2.00 MiB page
Jul 25 15:02:27 torchtpu-vm systemd[1]: Condition check resulted in Store a System Token in an EFI Variable being skipped.
Jul 25 15:02:27 torchtpu-vm kernel: [    0.798443] ACPI: Added _OSI(Module Device)
Jul 25 15:02:27 torchtpu-vm kernel: [    0.798874] ACPI: Added _OSI(Processor Device)
Jul 25 15:02:27 torchtpu-vm kernel: [    0.799269] ACPI: Added _OSI(Processor Aggregator Device)
Jul 25 15:02:27 torchtpu-vm kernel: [    0.804657] ACPI: 3 ACPI AML tables successfully acquired and loaded
Jul 25 15:02:27 torchtpu-vm systemd[1]: Starting Commit a transient machine-id on disk...
Jul 25 15:02:27 torchtpu-vm kernel: [    0.807513] ACPI: _OSC evaluation for CPUs failed, trying _PDC
Jul 25 15:02:27 torchtpu-vm kernel: [    0.811693] ACPI: Interpreter enabled
Jul 25 15:02:27 torchtpu-vm kernel: [    0.812058] ACPI: PM: (supports S0 S3 S4 S5)
Jul 25 15:02:27 torchtpu-vm systemd[1]: Starting Create Volatile Files and Directories...
Jul 25 15:02:27 torchtpu-vm kernel: [    0.812353] ACPI: Using IOAPIC for interrupt routing
Jul 25 15:02:27 torchtpu-vm kernel: [    0.813225] PCI: Using host bridge windows from ACPI; if necessary, use "pci=nocrs" and report a bug
Jul 25 15:02:27 torchtpu-vm kernel: [    0.814352] PCI: Ignoring E820 reservations for host bridge windows
Jul 25 15:02:27 torchtpu-vm kernel: [    0.814759] ACPI: Enabled 16 GPEs in block 00 to 0F
Jul 25 15:02:27 torchtpu-vm kernel: [    0.825074] ACPI: PCI Root Bridge [PCI0] (domain 0000 [bus 00-ff])
Jul 25 15:02:27 torchtpu-vm kernel: [    0.825358] acpi PNP0A03:00: _OSC: OS supports [ExtendedConfig ASPM ClockPM Segments MSI EDR HPX-Type3]
Jul 25 15:02:27 torchtpu-vm apparmor.systemd[754]: Skipping profile in /etc/apparmor.d/disable: usr.sbin.rsyslogd
Jul 25 15:02:27 torchtpu-vm systemd[1]: Starting Uncomplicated firewall...
Jul 25 15:02:27 torchtpu-vm kernel: [    0.827705] PCI host bridge to bus 0000:00
Jul 25 15:02:27 torchtpu-vm systemd[1]: Finished Set console font and keymap.
Jul 25 15:02:27 torchtpu-vm kernel: [    0.828023] pci_bus 0000:00: root bus resource [io  0x0000-0x0cf7 window]
Jul 25 15:02:27 torchtpu-vm kernel: [    0.828353] pci_bus 0000:00: root bus resource [io  0x0d00-0x0fff window]
Jul 25 15:02:27 torchtpu-vm kernel: [    0.828895] pci_bus 0000:00: root bus resource [io  0xc000-0xffff window]
Jul 25 15:02:27 torchtpu-vm kernel: [    0.830353] pci_bus 0000:00: root bus resource [io  0xa000-0xbfff window]
Jul 25 15:02:27 torchtpu-vm kernel: [    0.830905] pci_bus 0000:00: root bus resource [mem 0x000a0000-0x000bffff window]
Jul 25 15:02:27[[0;32m  OK  [0m] Finished [0;1;39mSecure Boot updates for DB and DBX[0m.
 torchtpu-vm systemd[1]: Finished Create final runtime dir for shutdown pivot root.
Jul 25 15:02:27 torchtpu-vm systemd[1]: Finished Tell Plymouth To Write Out Runtime Data.
Jul 25 15:02:27 torchtpu-vm kernel: [    0.831353] pci_bus 0000:00: root bus resource [mem 0xc0000000-0xfebfefff window]
Jul 25 15:02:27 torchtpu-vm kernel: [    0.831919] pci_bus 0000:00: root bus resource [mem 0x2d00000000-0x22c3fffffff window]
Jul 25 15:02:27 torchtpu-vm kernel: [    0.832355] pci_bus 0000:00: root bus resource [bus 00-ff]
Jul 25 15:02:27 torchtpu-vm kernel: [    0.832480] pci 0000:00:00.0: [8086:1237] type 00 class 0x060000 conventional PCI endpoint
Jul 25 15:02:27 torchtpu-vm kernel: [    0.835681] pci 0000:00:01.0: [8086:7110] type 00 class 0x060100 conventional PCI endpoint
Jul 25 15:02:27 torchtpu-vm kernel: [    0.840554] pci 0000:00:01.3: [8086:7113] type 00 class 0x068000 conventional PCI endpoint
Jul 25 15:02:27 torchtpu-vm systemd[1]: proc-sys-fs-binfmt_misc.automount: Got automount request for /proc/sys/fs/binfmt_misc, triggered by 742 (systemd-binfmt)
Jul 25 15:02:27 torchtpu-vm systemd[1]: Mounting Arbitrary Executable File Formats File System...
Jul 25 15:02:27 torchtpu-vm kernel: [    0.845387] pci 0000:00:01.3: quirk: [io  0xb000-0xb03f] claimed by PIIX4 ACPI
Jul 25 15:02:27 torchtpu-vm kernel: [    0.846438] pci 0000:00:03.0: [1022:164f] type 00 class 0x080600 conventional PCI endpoint
Jul 25 15:02:27 torchtpu-vm kernel: [    0.851805] pci 0000:00:04.0: [1ae0:006f] type 00 class 0x120000 PCIe Endpoint
Jul 25 15:02:27 torchtpu-vm kernel: [    0.867370] pci 0000:00:04.0: BAR 0 [mem 0x2d00000000-0x2dffffffff 64bit pref]
Jul 25 15:02:27 torchtpu-vm kernel: [    0.868377] pci 0000:00:04.0: BAR 4 [mem 0x2e00000000-0x2e00ffffff 64bit pref]
Jul 25 15:02:27 torchtpu-vm kernel: [    0.868644] pci 0000:00:05.0: [1ae0:0042] type 00 class 0x020000 conventional PCI endpoint
Jul 25 15:02:27 torchtpu-vm kernel: [    0.880364] pci 0000:00:05.0: BAR 0 [mem 0xc0103000-0xc0103fff]
Jul 25 15:02:27 torchtpu-vm systemd[1]: Finished Uncomplicated firewall.
Jul 25 15:02:27 torchtpu-vm kernel: [    0.881359] pci 0000:00:05.0: BAR 1 [mem 0xc0100000-0xc01003ff]
[[0;32m  OK  [0m] Finished [0;1;39mGoogle Cloud TPU - First boot setup[0m.
Jul 25 15:02:27 torchtpu-vm kernel: [    0.882352] pci 0000:00:05.0: BAR 2 [mem 0xc0000000-0xc00fffff]
Jul 25 15:02:27 torchtpu-vm kernel: [    0.883630] pci 0000:00:06.0: [1af4:1005] type 00 class 0x00ff00 conventional PCI endpoint
Jul 25 15:02:27 torchtpu-vm kernel: [    0.894363] pci 0000:00:06.0: BAR 0 [io  0xc000-0xc01f]
Jul 25 15:02:27 torchtpu-vm kernel: [    0.895359] pci 0000:00:06.0: BAR 1 [mem 0xc0102000-0xc010203f]
Jul 25 15:02:27 torchtpu-vm kernel: [    0.896662] pci 0000:00:07.0: [1ae0:001f] type 00 class 0x010802 conventional PCI endpoint
Jul 25 15:02:27 torchtpu-vm systemd[1]: Mounted Arbitrary Executable File Formats File System.
Jul 25 15:02:27 torchtpu-vm kernel: [    0.908369] pci 0000:00:07.0: BAR 0 [mem 0x2e01000000-0x2e01003fff 64bit]
Jul 25 15:02:27 torchtpu-vm kernel: [    0.909352] pci 0000:00:07.0: BAR 4 [mem 0xc0101000-0xc010107f]
Jul 25 15:02:27 torchtpu-vm kernel: [    0.916657] pci_bus 0000:00: on NUMA node 0
Jul 25 15:02:27 torchtpu-vm kernel: [    0.918122] ACPI: PCI: Interrupt link LNKA configured for IRQ 10
Jul 25 15:02:27 torchtpu-vm kernel: [    0.920391] ACPI: PCI: Interrupt link LNKB configured for IRQ 10
Jul 25 15:02:27 torchtpu-vm systemd[1]: Finished Load AppArmor profiles.
Jul 25 15:02:27 torchtpu-vm kernel: [    0.922455] ACPI: PCI: Interrupt link LNKC configured for IRQ 11
Jul 25 15:02:27 torchtpu-vm systemd[1]: Finished Set Up Additional Binary Formats.
Jul 25 15:02:27 torchtpu-vm systemd[1]: Finished Create Volatile Files and Directories.
Jul 25 15:02:27 torchtpu-vm systemd[1]: Starting Load AppArmor profiles managed internally by snapd...
Jul 25 15:02:27 torchtpu-vm systemd[1]: Starting Record System Boot/Shutdown in UTMP...
Jul 25 15:02:27 torchtpu-vm systemd[1]: Condition check resulted in Authentication service for virtual machines hosted on VMware being skipped.
Jul 25 15:02:27 torchtpu-vm systemd[1]: Condition check resulted in Service for virtual machines hosted on VMware being skipped.
Jul 25 15:02:27 torchtpu-vm systemd[1]: Starting Cloud-init: Local Stage (pre-network)...
Jul 25 15:02:27 torchtpu-vm systemd[1]: Finished Commit a transient machine-id on disk.
Jul 25 15:02:27 torchtpu-vm systemd[1]: Finished Record System Boot/Shutdown in UTMP.
Jul 25 15:02:27 torchtpu-vm snapd-apparmor[762]: main.go:146: Loading profiles [/var/lib/snapd/apparmor/profiles/snap-confine.snapd.27591 /var/lib/snapd/apparmor/profiles/snap-update-ns.ai-telemetry-collector /var/lib/snapd/apparmor/profiles/snap-update-ns.google-cloud-cli /var/lib/snapd/apparmor/profiles/snap-update-ns.lxd /var/lib/snapd/apparmor/profiles/snap-update-ns.vbarcontrolagent /var/lib/snapd/apparmor/profiles/snap.ai-telemetry-collector.ai-telemetry-collector /var/lib/snapd/apparmor/profiles/snap.ai-telemetry-collector.hook.configure /var/lib/snapd/apparmor/profiles/snap.google-cloud-cli.bq /var/lib/snapd/apparmor/profiles/snap.google-cloud-cli.docker-credential-gcloud /var/lib/snapd/apparmor/profiles/snap.google-cloud-cli.gcloud /var/lib/snapd/apparmor/profiles/snap.google-cloud-cli.gsutil /var/lib/snapd/apparmor/profiles/snap.google-cloud-cli.kubectl /var/lib/snapd/apparmor/profiles/snap.lxd.activate /var/lib/snapd/apparmor/profiles/snap.lxd.benchmark /var/lib/snapd/apparmor/profiles/snap.lxd.buginfo /var/lib/snapd/apparmor/profiles/snap.lxd.check-kernel /var/lib/snapd/apparmor/profiles/snap.lxd.daemon /var/lib/snapd/apparmor/profiles/snap.lxd.hook.configure /var/lib/snapd/apparmor/profiles/snap.lxd.hook.install /var/lib/snapd/apparmor/profiles/snap.lxd.hook.remove /var/lib/snapd/apparmor/profiles/snap.lxd.lxc /var/lib/snapd/apparmor/profiles/snap.lxd.lxc-to-lxd /var/lib/snapd/apparmor/profiles/snap.lxd.lxd /var/lib/snapd/apparmor/profiles/snap.lxd.migrate /var/lib/snapd/apparmor/profiles/snap.lxd.user-daemon /var/lib/snapd/apparmor/profiles/snap.vbarcontrolagent.vbarcontrolagent]
Jul 25 15:02:27 torchtpu-vm systemd[1]: etc-machine\x2did.mount: Deactivated successfully.
Jul 25 15:02:27 torchtpu-vm systemd[1]: Finished Load AppArmor profiles managed internally by snapd.
Jul 25 15:02:27 torchtpu-vm cloud-init[808]:[[0;32m  OK  [0m] Started [0;1;39mUser Login Management[0m.
 Cloud-init v. 26.1-0ubuntu1~22.04.1 running 'init-local' at Sat, 25 Jul 2026 15:02:22 +0000. Up 3.35 seconds.
Jul 25 15:02:27 torchtpu-vm dhclient[812]: Internet Systems Consortium DHCP Client 4.4.1
Jul 25 15:02:27 torchtpu-vm dhclient[812]: Copyright 2004-2018 Internet Systems Consortium.
Jul 25 15:02:27 torchtpu-vm kernel: [    0.924454] ACPI: PCI: Interrupt link LNKD configured for IRQ 11
Jul 25 15:02:27 torchtpu-vm dhclient[812]: All rights reserved.
Jul 25 15:02:27 torchtpu-vm kernel: [    0.926386] ACPI: PCI: Interrupt link LNKS configured for IRQ 9
Jul 25 15:02:27 torchtpu-vm kernel: [    0.934395] iommu: Default domain type: Translated (set via kernel command line)
Jul 25 15:02:27 torchtpu-vm kernel: [    0.935353] iommu: DMA domain TLB invalidation policy: lazy mode
Jul 25 15:02:27 torchtpu-vm dhclient[812]: For info, please visit https://www.isc.org/software/dhcp/
Jul 25 15:02:27 torchtpu-vm kernel: [    0.936596] SCSI subsystem initialized
Jul 25 15:02:27 torchtpu-vm kernel: [    0.937373] libata version 3.00 loaded.
Jul 25 15:02:27 torchtpu-vm kernel: [    0.937389] ACPI: bus type USB registered
Jul 25 15:02:27 torchtpu-vm dhclient[812]: 
Jul 25 15:02:27 torchtpu-vm kernel: [    0.938375] usbcore: registered new interface driver usbfs
Jul 25 15:02:27 torchtpu-vm kernel: [    0.939366] usbcore: registered new interface driver hub
Jul 25 15:02:27 torchtpu-vm kernel: [    0.939373] usbcore: registered new device driver usb
Jul 25 15:02:27 torchtpu-vm kernel: [    0.940150] pps_core: LinuxPPS API ver. 1 registered
Jul 25 15:02:27 torchtpu-vm kernel: [    0.941352] pps_core: Software ver. 5.3.6 - Copyright 2005-2007 Rodolfo Giometti <giometti@linux.it>
Jul 25 15:02:27 torchtpu-vm kernel: [    0.942356] PTP clock support registered
Jul 25 15:02:27 torchtpu-vm dhclient[816]: execve (/bin/true, ...): Permission denied
Jul 25 15:02:27 torchtpu-vm kernel: [    0.943392] EDAC MC: Ver: 3.0.0
Jul 25 15:02:27 torchtpu-vm kernel: [    0.944579] efivars: Registered efivars operations
Jul 25 15:02:27 torchtpu-vm kernel: [    0.945769] NetLabel: Initializing
Jul 25 15:02:27 torchtpu-vm kernel: [    0.945769] NetLabel:  domain hash size = 128
Jul 25 15:02:27 torchtpu-vm kernel: [    0.945981] NetLabel:  protocols = UNLABELED CIPSOv4 CALIPSO
Jul 25 15:02:27 torchtpu-vm kernel: [    0.947378] NetLabel:  unlabeled traffic allowed by default
Jul 25 15:02:27 torchtpu-vm kernel: [    0.948382] mctp: management component transport protocol core
Jul 25 15:02:27 torchtpu-vm dhclient[812]: Listening on LPF/ens5/42:01:0a:f0:00:36
Jul 25 15:02:27 torchtpu-vm kernel: [    0.948382] NET: Registered PF_MCTP protocol family
Jul 25 15:02:27 torchtpu-vm kernel: [    0.949065] PCI: Using ACPI for IRQ routing
Jul 25 15:02:27 torchtpu-vm kernel: [    0.949354] PCI: pci_cache_line_size set to 64 bytes
Jul 25 15:02:27 torchtpu-vm kernel: [    0.949443] e820: reserve RAM buffer [mem 0x00055000-0x0005ffff]
Jul 25 15:02:27 torchtpu-vm kernel: [    0.949446] e820: reserve RAM buffer [mem 0x00098000-0x0009ffff]
Jul 25 15:02:27 torchtpu-vm kernel: [    0.949447] e820: reserve RAM buffer [mem 0xbd01c000-0xbfffffff]
Jul 25 15:02:27 torchtpu-vm dhclient[812]: Sending on   LPF/ens5/42:01:0a:f0:00:36
Jul 25 15:02:27 torchtpu-vm kernel: [    0.949449] e820: reserve RAM buffer [mem 0xbf6ed000-0xbfffffff]
Jul 25 15:02:27 torchtpu-vm kernel: [    0.949451] e820: reserve RAM buffer [mem 0xbffe0000-0xbfffffff]
Jul 25 15:02:27 torchtpu-vm kernel: [    0.950359] vgaarb: loaded
Jul 25 15:02:27 torchtpu-vm dhclient[812]: Sending on   Socket/fallback
Jul 25 15:02:27 torchtpu-vm kernel: [    0.950696] clocksource: Switched to clocksource kvm-clock
Jul 25 15:02:27 torchtpu-vm kernel: [    0.951375] VFS: Disk quotas dquot_6.6.0
Jul 25 15:02:27 torchtpu-vm kernel: [    0.952039] VFS: Dquot-cache hash table entries: 512 (order 0, 4096 bytes)
Jul 25 15:02:27 torchtpu-vm dhclient[812]: DHCPDISCOVER on ens5 to 255.255.255.255 port 67 interval 3 (xid=0xe109f81b)
Jul 25 15:02:27 torchtpu-vm kernel: [    0.953211] AppArmor: AppArmor Filesystem Enabled
Jul 25 15:02:27 torchtpu-vm ke[[0;32m  OK  [0m] Reached target [0;1;39mPreparation for Remote File Systems[0m.
rnel: [    0.953803] pnp: PnP ACPI init
Jul 25 15:02:27 torchtpu-vm kernel: [    0.955046] pnp: PnP ACPI: found 7 devices
Jul 25 15:02:27 torchtpu-vm kernel: [    0.961839] clocksource: acpi_pm: mask: 0xffffff max_cycles: 0xffffff, max_idle_ns: 2085701024 ns
Jul 25 15:02:27 torchtpu-vm kernel: [    0.963153] NET: Registered PF_INET protocol family
Jul 25 15:02:27 torchtpu-vm kernel: [    0.963975] IP idents hash table entries: 262144 (order: 9, 2097152 bytes, linear)
Jul 25 15:02:27 torchtpu-vm kernel: [    0.984205] tcp_listen_portaddr_hash hash table entries: 65536 (order: 8, 1048576 bytes, linear)
Jul 25 15:02:27 torchtpu-vm dhclient[812]: DHCPOFFER of 10.240.0.54 from 10.240.0.1
Jul 25 15:02:27 torchtpu-vm kernel: [    0.985979] Table-perturb hash table entries: 65536 (order: 6, 262144 bytes, linear)
Jul 25 15:02:27 torchtpu-vm dhclient[812]: DHCPREQUEST for 10.240.0.54 on ens5 to 255.255.255.255 port 67 (xid=0x1bf809e1)
Jul 25 15:02:27 torchtpu-vm kernel: [    0.987162] TCP established hash table entries: 524288 (order: 10, 4194304 bytes, linear)
Jul 25 15:02:27 torchtpu-vm kernel: [    0.988757] TCP bind hash table entries: 65536 (order: 9, 2097152 bytes, linear)
Jul 25 15:02:27 torchtpu-vm kernel: [    0.989806] TCP: Hash tables configured (established 524288 bind 65536)
Jul 25 15:02:27 torchtpu-vm kernel: [    0.990744] MPTCP token hash table entries: 65536 (order: 9, 1572864 bytes, linear)
Jul 25 15:02:27 torchtpu-vm kernel: [    0.992029] UDP hash table entries: 65536 (order: 9, 2097152 bytes, linear)
Jul 25 15:02:27 torchtpu-vm dhclient[812]: DHCPACK of 10.240.0.54 from 10.240.0.1 (xid=0xe109f81b)
Jul 25 15:02:27 torchtpu-vm kernel: [    0.993119] UDP-Lite hash table entries: 65536 (order: 9, 2097152 bytes, linear)
Jul 25 15:02:27 torchtpu-vm kernel: [    0.994430] NET: Registered PF_UNIX/PF_LOCAL protocol family
Jul 25 15:02:27 torchtpu-vm kernel: [    0.995366] NET: Registered PF_XDP protocol family
Jul 25 15:02:27 torchtpu-vm kernel: [    0.996174] pci_bus 0000:00: resource 4 [io  0x0000-0x0cf7 window]
Jul 25 15:02:27 torchtpu-vm kernel: [    0.997233] pci_bus 0000:00: resource 5 [io  0x0d00-0x0fff window]
Jul 25 15:02:27 torchtpu-vm kernel: [    0.998097] pci_bus 0000:00: resource 6 [io  0xc000-0xffff window]
Jul 25 15:02:27 torchtpu-vm kernel: [    0.998838] pci_bus 0000:00: resource 7 [io  0xa000-0xbfff window]
Jul 25 15:02:27 torchtpu-vm dhclient[817]: execve (/bin/true, ...): Permission denied
Jul 25 15:02:27 torchtpu-vm kernel: [    0.999505] pci_bus 0000:00: resource 8 [mem 0x000a0000-0x000bffff window]
Jul 25 15:02:27 torchtpu-vm kernel: [    1.000458] pci_bus 0000:00: resource 9 [mem 0xc0000000-0xfebfefff window]
Jul 25 15:02:27 torchtpu-vm kernel: [    1.001227] pci_bus 0000:00: resource 10 [mem 0x2d00000000-0x22c3fffffff window]
Jul 25 15:02:27 torchtpu-vm kernel: [    1.002299] pci 0000:00:00.0: Limiting direct PCI/PCI transfers
Jul 25 15:02:27 torchtpu-vm kernel: [    1.003343] PCI: CLS 0 bytes, default 64
Jul 25 15:02:27 torchtpu-vm kernel: [    1.004567] AMD-Vi: Using strict mode due to virtualization
Jul 25 15:02:27 torchtpu-vm dhclient[812]: bound to 10.240.0.54 -- renewal in 36685 seconds.
Jul 25 15:02:27 torchtpu-vm kernel: [    1.005331] pci 0000:00:04.0: Adding to iommu group 0
Jul 25 15:02:27 torchtpu-vm kernel: [    1.012692] PCI-DMA: Using software bounce buffering for IO (SWIOTLB)
Jul 25 15:02:27 torchtpu-vm kernel: [    1.013771] software IO TLB: mapped [mem 0x00000000b7eff000-0x00000000bbeff000] (64MB)
Jul 25 15:02:27 torchtpu-vm kernel: [    1.014982] clocksource: tsc: mask: 0xffffffffffffffff max_cycles: 0x257a386c905, max_idle_ns: 440795250529 ns
Jul 25 15:02:27 torchtpu-vm kernel: [    1.016328] clocksource: Switched to clocksource tsc
Jul 25 15:02:27 torchtpu-vm kernel: [    1.018063] Initialise system trusted keyrings
Jul 25 15:02:27 torchtpu-vm systemd[1]: Starting Load Kernel Module efi_pstore...
Jul 25 15:02:27 torchtpu-vm kernel: [    1.018590] Key type blacklist registered
Jul 25 15:02:27 torchtpu-vm kernel: [    1.019323] workingset: timestamp_bits=36 max_order=26 buck[[0;32m  OK  [0m] Reached target [0;1;39mRemote File Systems[0m.
et_order=0
Jul 25 15:02:27 torchtpu-vm systemd[1]: Condition check resulted in OpenVSwitch configuration for cleanup being skipped.
Jul 25 15:02:27 torchtpu-vm kernel: [    1.020095] zbud: loaded
Jul 25 15:02:27 torchtpu-vm kernel: [    1.020792] squashfs: version 4.0 (2009/01/31) Phillip Lougher
Jul 25 15:02:27 torchtpu-vm kernel: [    1.021659] fuse: init (API version 7.39)
Jul 25 15:02:27 torchtpu-vm kernel: [    1.022632] integrity: Platform Keyring initialized
Jul 25 15:02:27 torchtpu-vm kernel: [    1.023265] integrity: Machine keyring initialized
Jul 25 15:02:27 torchtpu-vm systemd[1]: Condition check resulted in Show Plymouth Boot Screen being skipped.
Jul 25 15:02:27 torchtpu-vm kernel: [    1.034502] Key type asymmetric registered
Jul 25 15:02:27 torchtpu-vm kernel: [    1.035221] Asymmetric key parser 'x509' registered
Jul 25 15:02:27 torchtpu-vm kernel: [    1.035746] Block layer SCSI generic (bsg) driver version 0.4 loaded (major 243)
Jul 25 15:02:27 torchtpu-vm kernel: [    1.036672] io scheduler mq-deadline registered
Jul 25 15:02:27 torchtpu-vm kernel: [    1.037919] shpchp: Standard Hot Plug PCI Controller Driver version: 0.4
Jul 25 15:02:27 torchtpu-vm kernel: [    1.039169] input: Power Button as /devices/LNXSYSTM:00/LNXPWRBN:00/input/input0
Jul 25 15:02:27 torchtpu-vm systemd[1]: Condition check resulted in Forward Password Requests to Plymouth Directory Watch being skipped.
Jul 25 15:02:27 torchtpu-vm kernel: [    1.040261] ACPI: button: Power Button [PWRF]
Jul 25 15:02:27 torchtpu-vm kernel: [    1.041288] input: Sleep Button as /devices/LNXSYSTM:00/LNXSLPBN:00/input/input1
Jul 25 15:02:27 torchtpu-vm kernel: [    1.042569] ACPI: button: Sleep Button [SLPF]
Jul 25 15:02:27 torchtpu-vm kernel: [    1.047169] ACPI: \_SB_.LNKB: Enabled at IRQ 10
Jul 25 15:02:27 torchtpu-vm kernel: [    1.047892] virtio-pci 0000:00:06.0: virtio_pci: leaving for legacy driver
Jul 25 15:02:27 torchtpu-vm kernel: [    1.051113] Serial: 8250/16550 driver, 32 ports, IRQ sharing enabled
Jul 25 15:02:27 torchtpu-vm systemd[1]: Condition check resulted in Store a System Token in an EFI Variable being skipped.
Jul 25 15:02:27 torchtpu-vm kernel: [    1.073981] 00:03: ttyS0 at I/O 0x3f8 (irq = 4, base_baud = 115200) is a 16550A
Jul 25 15:02:27 torchtpu-vm systemd[1]: modprobe@efi_pstore.service: Deactivated successfully.
Jul 25 15:02:27 torchtpu-vm kernel: [    1.096905] 00:04: ttyS1 at I/O 0x2f8 (irq = 3, base_baud = 115200) is a 16550A
Jul 25 15:02:27 torchtpu-vm kernel: [    1.119128] 00:05: ttyS2 at I/O 0x3e8 (irq = 6, base_baud = 115200) is a 16550A
Jul 25 15:02:27 torchtpu-vm kernel: [    1.141670] 00:06: ttyS3 at I/O 0x2e8 (irq = 7, base_baud = 115200) is a 16550A
Jul 25 15:02:27 torchtpu-vm kernel: [    1.145164] Linux agpgart interface v0.103
Jul 25 15:02:27 torchtpu-vm kernel: [    1.152060] tpm_tis MSFT0101:00: 2.0 TPM (device-id 0x9009, rev-id 0)
Jul 25 15:02:27 torchtpu-vm kernel: [    1.168363] loop: module loaded
Jul 25 15:02:27 torchtpu-vm systemd[1]: Finished Load Kernel Module efi_pstore.
Jul 25 15:02:27 torchtpu-vm kernel: [    1.169188] Key type psk registered
Jul 25 15:02:27 torchtpu-vm systemd[1]: Condition check resulted in Platform Persistent Storage Archival being skipped.
Jul 25 15:02:27 torchtpu-vm kernel: [    1.170292] ACPI: bus type drm_connector registered
Jul 25 15:02:27 torchtpu-vm kernel: [    1.171445] tun: Universal TUN/TAP device driver, 1.6
Jul 25 15:02:27 torchtpu-vm kernel: [    1.172332] nvme nvme0: pci function 0000:00:07.0
Jul 25 15:02:27 torchtpu-vm systemd[1]: Starting Load Kernel Module efi_pstore...
Jul 25 15:02:27 torchtpu-vm kernel: [    1.172368] PPP generic driver version 2.4.2
Jul 25 15:02:27 torchtpu-vm kernel: [    1.175052] ACPI: \_SB_.LNKC: Enabled at IRQ 11
Jul 25 15:02:27 torchtpu-vm systemd[1]: Condition check resulted in OpenVSwitch configuration for cleanup being skipped.
Jul 25 15:02:27 torchtpu-vm kernel: [    1.175499] i8042: PNP: PS/2 Controller [PNP0303:KBD,PNP0f13:MOU] at 0x60,0x64 irq 1,12
Jul 25 15:02:27 torchtpu-vm kernel: [    1.180120] i8042: Warning: Keylock[[0;32m  OK  [0m] Reached target [0;1;39mSystem Time Synchronized[0m.
 active
Jul 25 15:02:27 torchtpu-vm kernel: [    1.183064] serio: i8042 KBD port at 0x60,0x64 irq 1
Jul 25 15:02:27 torchtpu-vm kernel: [    1.183743] serio: i8042 AUX port at 0x60,0x64 irq 12
Jul 25 15:02:27 torchtpu-vm kernel: [    1.185651] mousedev: PS/2 mouse device common for all mice
Jul 25 15:02:27 torchtpu-vm kernel: [    1.189747] rtc_cmos 00:00: RTC can wake from S4
Jul 25 15:02:27 torchtpu-vm kernel: [    1.191300] rtc_cmos 00:00: registered as rtc0
Jul 25 15:02:27 torchtpu-vm systemd[1]: Condition check resulted in Show Plymouth Boot Screen being skipped.
Jul 25 15:02:27 torchtpu-vm kernel: [    1.192052] rtc_cmos 00:00: setting system clock to 2026-07-25T15:02:20 UTC (1784991740)
Jul 25 15:02:27 torchtpu-vm kernel: [    1.193313] rtc_cmos 00:00: alarms up to one day, 114 bytes nvram
Jul 25 15:02:27 torchtpu-vm kernel: [    1.194069] i2c_dev: i2c /dev entries driver
Jul 25 15:02:27 torchtpu-vm systemd[1]: Condition check resulted in Forward Password Requests to Plymouth Directory Watch being skipped.
Jul 25 15:02:27 torchtpu-vm kernel: [    1.194588] device-mapper: core: CONFIG_IMA_DISABLE_HTABLE is disabled. Duplicate IMA measurements will not be recorded in the IMA log.
Jul 25 15:02:27 torchtpu-vm kernel: [    1.195864] device-mapper: uevent: version 1.0.3
Jul 25 15:02:27 torchtpu-vm kernel: [    1.195992] nvme nvme0: 4/0/0 default/read/poll queues
Jul 25 15:02:27 torchtpu-vm kernel: [    1.196510] device-mapper: ioctl: 4.48.0-ioctl (2023-03-01) initialised: dm-devel@redhat.com
Jul 25 15:02:27 torchtpu-vm kernel: [    1.198033] amd_pstate: the _CPC object is not present in SBIOS or ACPI disabled
Jul 25 15:02:27 torchtpu-vm kernel: [    1.199134] ledtrig-cpu: registered to indicate activity on CPUs
Jul 25 15:02:27 torchtpu-vm kernel: [    1.200048] drop_monitor: Initializing network drop monitor service
Jul 25 15:02:27 torchtpu-vm kernel: [    1.201149] NET: Registered PF_INET6 protocol family
Jul 25 15:02:27 torchtpu-vm systemd[1]: Condition check resulted in Store a System Token in an EFI Variable being skipped.
Jul 25 15:02:27 torchtpu-vm kernel: [    1.202292] Segment Routing with IPv6
Jul 25 15:02:27 torchtpu-vm systemd[1]: modprobe@efi_pstore.service: Deactivated successfully.
Jul 25 15:02:27 torchtpu-vm kernel: [    1.202700] In-situ OAM (IOAM) with IPv6
Jul 25 15:02:27 torchtpu-vm kernel: [    1.203205] NET: Registered PF_PACKET protocol family
Jul 25 15:02:27 torchtpu-vm kernel: [    1.203752] Key type dns_resolver registered
Jul 25 15:02:27 torchtpu-vm kernel: [    1.205310] GPT:Primary header thinks Alt. header is not at the end of the disk.
Jul 25 15:02:27 torchtpu-vm kernel: [    1.206011] GPT:8388607 != 419430399
Jul 25 15:02:27 torchtpu-vm systemd[1]: Finished Load Kernel Module efi_pstore.
Jul 25 15:02:27 torchtpu-vm systemd[1]: Condition check resulted in Platform Persistent Storage Archival being skipped.
Jul 25 15:02:27 torchtpu-vm systemd[1]: Condition check resulted in OpenVSwitch configuration for cleanup being skipped.
Jul 25 15:02:27 torchtpu-vm systemd[1]: Finished Cloud-init: Local Stage (pre-network).
Jul 25 15:02:27 torchtpu-vm systemd[1]: Reached target Preparation for Network.
Jul 25 15:02:27 torchtpu-vm systemd[1]: Starting Network Configuration...
Jul 25 15:02:27 torchtpu-vm systemd-networkd[843]: /usr/lib/systemd/network/80-google-tpu-base.network: Route section without Gateway=, Destination=, Source=, or PreferredSource= field configured. Ignoring [Route] section from line 11.
Jul 25 15:02:27 torchtpu-vm systemd-networkd[843]: lo: Link UP
Jul 25 15:02:27 torchtpu-vm systemd-networkd[843]: lo: Gained carrier
Jul 25 15:02:27 torchtpu-vm systemd-networkd[843]: Enumeration completed
Jul 25 15:02:27 torchtpu-vm systemd[1]: Started Network Configuration.
Jul 25 15:02:27 torchtpu-vm systemd-networkd[843]: ens5: Link UP
Jul 25 15:02:27 torchtpu-vm systemd-networkd[843]: ens5: Gained carrier
Jul 25 15:02:27 torchtpu-vm systemd-networkd[843]: ens5: Link DOWN
Jul 25 15:02:27 torchtpu-vm systemd-networkd[843]: ens5: Lost carrier
Jul 25 15:02:27 torchtpu-vm systemd-networkd[843]: ens5: [[0;32m  OK  [0m] Started [0;1;39mDaily apt download activities[0m.
Link UP
Jul 25 15:02:27 torchtpu-vm systemd-networkd[843]: ens5: Gained carrier
Jul 25 15:02:27 torchtpu-vm systemd[1]: Starting Wait for Network to be Configured...
Jul 25 15:02:27 torchtpu-vm kernel: [    1.206334] GPT:Alternate GPT header not at the end of the disk.
Jul 25 15:02:27 torchtpu-vm kernel: [    1.207233] GPT:8388607 != 419430399
Jul 25 15:02:27 torchtpu-vm systemd[1]: Starting Network Name Resolution...
Jul 25 15:02:27 torchtpu-vm kernel: [    1.207701] GPT: Use GNU Parted to correct GPT errors.
Jul 25 15:02:27 torchtpu-vm kernel: [    1.208241]  nvme0n1: p1 p14 p15
Jul 25 15:02:27 torchtpu-vm kernel: [    1.211129] IPI shorthand broadcast: enabled
Jul 25 15:02:27 torchtpu-vm kernel: [    1.215061] sched_clock: Marking stable (1073006102, 141097668)->(1226514205, -12410435)
Jul 25 15:02:27 torchtpu-vm kernel: [    1.216342] registered taskstats version 1
Jul 25 15:02:27 torchtpu-vm kernel: [    1.218130] Loading compiled-in X.509 certificates
Jul 25 15:02:27 torchtpu-vm systemd-networkd[843]: ens5: DHCPv4 address 10.240.0.54/32 via 10.240.0.1
Jul 25 15:02:27 torchtpu-vm kernel: [    1.219196] Loaded X.509 cert 'Build time autogenerated kernel key: 92100ddb7d938b678985c76c9940cb07038ba482'
Jul 25 15:02:27 torchtpu-vm kernel: [    1.220880] Loaded X.509 cert 'Canonical Ltd. Live Patch Signing 2025 Kmod: d541cef61dc7e793b7eb7e899970a2eef0b5dc8c'
Jul 25 15:02:27 torchtpu-vm kernel: [    1.222574] Loaded X.509 cert 'Canonical Ltd. Live Patch Signing: 14df34d1a87cf37625abec039ef2bf521249b969'
Jul 25 15:02:27 torchtpu-vm kernel: [    1.224241] Loaded X.509 cert 'Canonical Ltd. Kernel Module Signing 2025 Kmod: 4627603d2357a2a3f81006370894c221175893e9'
Jul 25 15:02:27 torchtpu-vm systemd-resolved[846]: Positive Trust Anchors:
Jul 25 15:02:27 torchtpu-vm kernel: [    1.226121] Loaded X.509 cert 'Canonical Ltd. Kernel Module Signing: 88f752e560a1e0737e31163a466ad7b70a850c19'
Jul 25 15:02:27 torchtpu-vm systemd-resolved[846]: . IN DS 20326 8 2 e06d44b80b8f1d39a95c0b0d7c65d08458e880409bbc683457104237c7f8ec8d
Jul 25 15:02:27 torchtpu-vm kernel: [    1.227419] blacklist: Loading compiled-in revocation X.509 certificates
Jul 25 15:02:27 torchtpu-vm kernel: [    1.228530] Loaded X.509 cert 'Canonical Ltd. Secure Boot Signing: 61482aa2830d0ab2ad5af10b7250da9033ddcef0'
Jul 25 15:02:27 torchtpu-vm kernel: [    1.229651] Loaded X.509 cert 'Canonical Ltd. Secure Boot Signing (2017): 242ade75ac4a15e50d50c84b0d45ff3eae707a03'
Jul 25 15:02:27 torchtpu-vm kernel: [    1.231024] Loaded X.509 cert 'Canonical Ltd. Secure Boot Signing (ESM 2018): 365188c1d374d6b07c3c8f240f8ef722433d6a8b'
Jul 25 15:02:27 torchtpu-vm kernel: [    1.232567] Loaded X.509 cert 'Canonical Ltd. Secure Boot Signing (2019): c0746fd6c5da3ae827864651ad66ae47fe24b3e8'
Jul 25 15:02:27 torchtpu-vm kernel: [    1.234026] Loaded X.509 cert 'Canonical Ltd. Secure Boot Signing (2021 v1): a8d54bbb3825cfb94fa13c9f8a594a195c107b8d'
Jul 25 15:02:27 torchtpu-vm systemd-resolved[846]: Negative trust anchors: home.arpa 10.in-addr.arpa 16.172.in-addr.arpa 17.172.in-addr.arpa 18.172.in-addr.arpa 19.172.in-addr.arpa 20.172.in-addr.arpa 21.172.in-addr.arpa 22.172.in-addr.arpa 23.172.in-addr.arpa 24.172.in-addr.arpa 25.172.in-addr.arpa 26.172.in-addr.arpa 27.172.in-addr.arpa 28.172.in-addr.arpa 29.172.in-addr.arpa 30.172.in-addr.arpa 31.172.in-addr.arpa 168.192.in-addr.arpa d.f.ip6.arpa corp home internal intranet lan local private test
Jul 25 15:02:27 torchtpu-vm kernel: [    1.235406] Loaded X.509 cert 'Canonical Ltd. Secure Boot Signing (2021 v2): 4cf046892d6fd3c9a5b03f98d845f90851dc6a8c'
Jul 25 15:02:27 torchtpu-vm kernel: [    1.236486] Loaded X.509 cert 'Canonical Ltd. Secure Boot Signing (2021 v3): 100437bb6de6e469b581e61cd66bce3ef4ed53af'
Jul 25 15:02:27 torchtpu-vm kernel: [    1.237947] Loaded X.509 cert 'Canonical Ltd. Secure Boot Signing (Ubuntu Core 2019): c1d57b8f6b743f23ee41f4f7ee292f06eecadfb9'
Jul 25 15:02:27 torchtpu-vm systemd-resolved[846]: Using system hostname 'torchtpu-vm'.
Jul 25 15:02:27 torchtpu-vm kernel: [    1.244938] Key type .fscrypt registered
Jul 25[[0;32m  OK  [0m] Started [0;1;39mDaily apt upgrade and clean activities[0m.
 15:02:27 torchtpu-vm kernel: [    1.245667] Key type fscrypt-provisioning registered
Jul 25 15:02:27 torchtpu-vm kernel: [    1.246263] Key type trusted registered
Jul 25 15:02:27 torchtpu-vm kernel: [    1.248072] Key type encrypted registered
Jul 25 15:02:27 torchtpu-vm kernel: [    1.248648] AppArmor: AppArmor sha256 policy hashing enabled
Jul 25 15:02:27 torchtpu-vm kernel: [    1.249808] integrity: Loading X.509 certificate: UEFI:db
Jul 25 15:02:27 torchtpu-vm systemd[1]: Started Network Name Resolution.
Jul 25 15:02:27 torchtpu-vm kernel: [    1.250683] integrity: Loaded X.509 cert 'Microsoft Corporation UEFI CA 2011: 13adbf4309bd82709c8cd54f316ed522988a1bd4'
Jul 25 15:02:27 torchtpu-vm kernel: [    1.251871] integrity: Loading X.509 certificate: UEFI:db
Jul 25 15:02:27 torchtpu-vm systemd[1]: Reached target Network.
Jul 25 15:02:27 torchtpu-vm kernel: [    1.252583] integrity: Loaded X.509 cert 'Microsoft Windows Production PCA 2011: a92902398e16c49778cd90f99e4f9ae17c55af53'
Jul 25 15:02:27 torchtpu-vm kernel: [    1.253685] integrity: Loading X.509 certificate: UEFI:db
Jul 25 15:02:27 torchtpu-vm kernel: [    1.254220] integrity: Loaded X.509 cert 'Microsoft Corporation: Windows UEFI CA 2023: aefc5fbbbe055d8f8daa585473499417ab5a5272'
Jul 25 15:02:27 torchtpu-vm kernel: [    1.255599] integrity: Loading X.509 certificate: UEFI:db
Jul 25 15:02:27 torchtpu-vm kernel: [    1.256376] integrity: Loaded X.509 cert 'Microsoft UEFI CA 2023: 81aa6b3244c935bce0d6628af39827421e32497d'
Jul 25 15:02:27 torchtpu-vm kernel: [    1.258076] Loading compiled-in module X.509 certificates
Jul 25 15:02:27 torchtpu-vm systemd[1]: Reached target Host and Network Name Lookups.
Jul 25 15:02:27 torchtpu-vm systemd-networkd[843]: ens5: Gained IPv6LL
Jul 25 15:02:27 torchtpu-vm kernel: [    1.259292] Loaded X.509 cert 'Build time autogenerated kernel key: 92100ddb7d938b678985c76c9940cb07038ba482'
Jul 25 15:02:27 torchtpu-vm kernel: [    1.260607] ima: Allocated hash algorithm: sha256
Jul 25 15:02:27 torchtpu-vm kernel: [    1.282725] ima: No architecture policies found
Jul 25 15:02:27 torchtpu-vm kernel: [    1.283453] evm: Initialising EVM extended attributes:
Jul 25 15:02:27 torchtpu-vm kernel: [    1.284253] evm: security.selinux
Jul 25 15:02:27 torchtpu-vm kernel: [    1.284939] evm: security.SMACK64
Jul 25 15:02:27 torchtpu-vm systemd[1]: Finished Wait for Network to be Configured.
Jul 25 15:02:27 torchtpu-vm systemd[1]: Starting Cloud-init: Network Stage...
Jul 25 15:02:27 torchtpu-vm kernel: [    1.285494] evm: security.SMACK64EXEC
Jul 25 15:02:27 torchtpu-vm kernel: [    1.286280] evm: security.SMACK64TRANSMUTE
Jul 25 15:02:27 torchtpu-vm kernel: [    1.286933] evm: security.SMACK64MMAP
Jul 25 15:02:27 torchtpu-vm kernel: [    1.287660] evm: security.apparmor
Jul 25 15:02:27 torchtpu-vm kernel: [    1.288150] evm: security.ima
Jul 25 15:02:27 torchtpu-vm kernel: [    1.288529] evm: security.capability
Jul 25 15:02:27 torchtpu-vm kernel: [    1.289055] evm: HMAC attrs: 0x1
Jul 25 15:02:27 torchtpu-vm cloud-init[852]: Cloud-init v. 26.1-0ubuntu1~22.04.1 running 'init' at Sat, 25 Jul 2026 15:02:25 +0000. Up 5.80 seconds.
Jul 25 15:02:27 torchtpu-vm kernel: [    1.289839] PM:   Magic number: 2:438:33
[[0;32m  OK  [0m] Started [0;1;39mDaily dpkg database backup timer[0m.
[[0;32m  OK  [0m] Started [0;1;39mPeriodic ext4 Onli…ata Check for All Filesystems[0m.
Jul 25 15:02:27 torchtpu-vm kernel: [    1.297820] RAS: Correctable Errors collector initialized.
Jul 25 15:02:27 torchtpu-vm kernel: [    1.298714] clk: Disabling unused clocks
Jul 25 15:02:27 torchtpu-vm kernel: [    1.398371] input: AT Translated Set 2 keyboard as /devices/platform/i8042/serio0/input/input2
Jul 25 15:02:27 torchtpu-vm kernel: [    1.399333] md: Waiting for all devices to be available before autodetect
Jul 25 15:02:27 torchtpu-vm kernel: [    1.399887] md: If you don't use raid, use raid=noautodetect
Jul 25 15:02:27 torchtpu-vm cloud-init[852]: ci-info: ++++++++++++++++++++++++++++++++++++++Net device info+++++++++++++++++++++++++++++++++++++++
Jul 25 15:02:27 torchtpu-vm kernel: [    1.400372] md: Autodetecting RAID arrays.
Jul 25 15:02:27 torchtpu-vm kernel: [    1.400700] md: autorun ...
Jul 25 15:02:27 torchtpu-vm kernel: [    1.400967] md: ... autorun DONE.
Jul 25 15:02:27 torchtpu-vm kernel: [    1.406798] EXT4-fs (nvme0n1p1): mounted filesystem 0a734a54-2c63-4fd9-8ff6-03a4dc0dbd90 ro with ordered data mode. Quota mode: none.
Jul 25 15:02:27 torchtpu-vm cloud-init[852]: ci-info: +--------+------+---------------------------+-----------------+--------+-------------------+
Jul 25 15:02:27 torchtpu-vm cloud-init[852]: ci-info: | Device |  Up  |          Address          |       Mask      | Scope  |     Hw-Address    |
Jul 25 15:02:27 torchtpu-vm kernel: [    1.407688] VFS: Mounted root (ext4 filesystem) readonly on device 259:1.
Jul 25 15:02:27 torchtpu-vm kernel: [    1.408773] devtmpfs: mounted
Jul 25 15:02:27 torchtpu-vm kernel: [    1.410408] Freeing unused decrypted memory: 2028K
Jul 25 15:02:27 torchtpu-vm kernel: [    1.411450] Freeing unused kernel image (initmem) memory: 5076K
Jul 25 15:02:27 torchtpu-vm kernel: [    1.411949] Write protecting the kernel read-only data: 36864k
Jul 25 15:02:27 torchtpu-vm kernel: [    1.412797] Freeing unused kernel image (rodata/data gap) memory: 64K
Jul 25 15:02:27 torchtpu-vm kernel: [    1.466414] x86/mm: Checked W+X mappings: passed, no W+X pages found.
Jul 25 15:02:27 torchtpu-vm cloud-init[852]: ci-info: +--------+------+---------------------------+-----------------+--------+-------------------+
Jul 25 15:02:27 torchtpu-vm kernel: [    1.467070] Run /sbin/init as init process
Jul 25 15:02:27 torchtpu-vm kernel: [    1.467450]   with arguments:
Jul 25 15:02:27 torchtpu-vm cloud-init[852]: ci-info: |  ens5  | True |        10.240.0.54        | 255.255.255.255 | global | 42:01:0a:f0:00:36 |
Jul 25 15:02:27 torchtpu-vm kernel: [    1.467452]     /sbin/init
Jul 25 15:02:27 torchtpu-vm kernel: [    1.467454]   with environment:
Jul 25 15:02:27 torchtpu-vm kernel: [    1.467455]     HOME=/
Jul 25 15:02:27 torchtpu-vm kernel: [    1.467457]     TERM=linux
Jul 25 15:02:27 torchtpu-vm kernel: [    1.609494] systemd[1]: Inserted module 'autofs4'
Jul 25 15:02:27 torchtpu-vm kernel: [    1.655176] systemd[1]: systemd 249.11-0ubuntu3.21 running in system mode (+PAM +AUDIT +SELINUX +APPARMOR +IMA +SMACK +SECCOMP +GCRYPT +GNUTLS +OPENSSL +ACL +BLKID +CURL +ELFUTILS +FIDO2 +IDN2 -IDN +IPTC +KMOD +LIBCRYPTSETUP +LIBFDISK +PCRE2 -PWQUALITY -P11KIT -QRENCODE +BZIP2 +LZ4 +XZ +ZLIB +ZSTD -XKBCOMMON +UTMP +SYSVINIT default-hierarchy=unified)
Jul 25 15:02:27 torchtpu-vm cloud-init[852]: ci-info: |  ens5  | True | fe80::4001:aff:fef0:36/64 |        .        |  link  | 42:01:0a:f0:00:36 |
Jul 25 15:02:27 torchtpu-vm kernel: [    1.657707] systemd[1]: Detected virtualization kvm.
Jul 25 15:02:27 torchtpu-vm kernel: [    1.658095] systemd[1]: Detected architecture x86-64.
Jul 25 15:02:27 torchtpu-vm kernel: [    1.664634] systemd[1]: Hostname set to <ubuntu>.
Jul 25 15:02:27 torchtpu-vm kernel: [    1.668892] systemd[1]: Initializing machine ID from VM UUID.
Jul 25 15:02:27 torchtpu-vm kernel: [    1.669487] systemd[1]: Installed transient /etc/machine-id file.
Jul 25 15:02:27 torchtpu-vm kernel: [    1.723076] block nvme0n1: the capability attribute has been deprecated.
Jul 25 15:02:27 torchtpu-vm cloud-init[852]: ci-info: |   lo   | True |         127.0.0.1         |    255.0.0[[0;32m  OK  [0m] Started [0;1;39mDiscard unused blocks once a week[0m.
.0    |  host  |         .         |
Jul 25 15:02:27 torchtpu-vm kernel: [    1.816275] systemd[1]: Configuration file /run/systemd/system/netplan-ovs-cleanup.service is marked world-inaccessible. This has no effect as configuration data is accessible via APIs without restrictions. Proceeding anyway.
Jul 25 15:02:27 torchtpu-vm kernel: [    1.845596] systemd[1]: /lib/systemd/system/snapd.service:23: Unknown key name 'RestartMode' in section 'Service', ignoring.
Jul 25 15:02:27 torchtpu-vm cloud-init[852]: ci-info: |   lo   | True |          ::1/128          |        .        |  host  |         .         |
Jul 25 15:02:27 torchtpu-vm kernel: [    1.942916] systemd[1]: Queued start job for default target Graphical Interface.
Jul 25 15:02:27 torchtpu-vm kernel: [    1.956661] systemd[1]: Created slice Slice /system/modprobe.
Jul 25 15:02:27 torchtpu-vm kernel: [    1.961488] systemd[1]: Created slice Slice /system/serial-getty.
Jul 25 15:02:27 torchtpu-vm kernel: [    1.966466] systemd[1]: Created slice Slice /system/systemd-fsck.
Jul 25 15:02:27 torchtpu-vm cloud-init[852]: ci-info: +--------+------+---------------------------+-----------------+--------+-------------------+
Jul 25 15:02:27 torchtpu-vm kernel: [    1.970374] systemd[1]: Created slice User and Session Slice.
Jul 25 15:02:27 torchtpu-vm kernel: [    1.974214] systemd[1]: Started Forward Password Requests to Wall Directory Watch.
Jul 25 15:02:27 torchtpu-vm kernel: [    1.979340] systemd[1]: Set up automount Arbitrary Executable File Formats File System Automount Point.
Jul 25 15:02:27 torchtpu-vm kernel: [    1.984201] systemd[1]: Reached target Slice Units.
Jul 25 15:02:27 torchtpu-vm kernel: [    1.987140] systemd[1]: Reached target Mounting snaps.
Jul 25 15:02:27 torchtpu-vm kernel: [    1.988164] systemd[1]: Reached target Swaps.
Jul 25 15:02:27 torchtpu-vm cloud-init[852]: ci-info: +++++++++++++++++++++++++++++++Route IPv4 info++++++++++++++++++++++++++++++++
Jul 25 15:02:27 torchtpu-vm kernel: [    1.992138] systemd[1]: Reached target System Time Set.
Jul 25 15:02:27 torchtpu-vm kernel: [    1.997158] systemd[1]: Reached target Local Verity Protected Volumes.
Jul 25 15:02:27 torchtpu-vm kernel: [    1.998457] systemd[1]: Listening on Device-mapper event daemon FIFOs.
Jul 25 15:02:27 torchtpu-vm kernel: [    2.003277] systemd[1]: Listening on LVM2 poll daemon socket.
Jul 25 15:02:27 torchtpu-vm kernel: [    2.008238] systemd[1]: Listening on multipathd control socket.
Jul 25 15:02:27 torchtpu-vm kernel: [    2.012232] systemd[1]: Listening on Syslog Socket.
Jul 25 15:02:27 torchtpu-vm cloud-init[852]: ci-info: +-------+-----------------+------------+-----------------+-----------+-------+
Jul 25 15:02:27 torchtpu-vm kernel: [    2.017248] systemd[1]: Listening on fsck to fsckd communication Socket.
Jul 25 15:02:27 torchtpu-vm kernel: [    2.022192] systemd[1]: Listening on initctl Compatibility Named Pipe.
Jul 25 15:02:27 torchtpu-vm kernel: [    2.027333] systemd[1]: Listening on Journal Audit Socket.
Jul 25 15:02:27 torchtpu-vm kernel: [    2.032230] systemd[1]: Listening on Journal Socket (/dev/log).
Jul 25 15:02:27 torchtpu-vm kernel: [    2.036260] systemd[1]: Listening on Journal Socket.
Jul 25 15:02:27 torchtpu-vm kernel: [    2.040276] systemd[1]: Listening on Network Service Netlink Socket.
Jul 25 15:02:27 torchtpu-vm kernel: [    2.045269] systemd[1]: Listening on udev Control Socket.
Jul 25 15:02:27 torchtpu-vm cloud-init[852]: ci-info: | Route |   Destination   |  Gateway   |     Genmask     | Interface | Flags |
Jul 25 15:02:27 torchtpu-vm cloud-init[852]: ci-info: +-------+-----------------+------------+-----------------+-----------+-------+
Jul 25 15:02:27 torchtpu-vm cloud-init[852]: ci-info: |   0   |     0.0.0.0     | 10.240.0.1 |     0.0.0.0     |    ens5   |   UG  |
Jul 25 15:02:27 torchtpu-vm cloud-init[852]: ci-info: |   1   |    10.240.0.1   |  0.0.0.0   | 255.255.255.255 |    ens5   |   UH  |
Jul 25 15:02:27 torchtpu-vm cloud-init[852]: ci-info: |   2   | 169.254.169.254 | 10.240.0.1 | 255.255.255.255 |    ens5   |  UGH  |
Jul 25 1[[0;32m  OK  [0m] Started [0;1;39mDaily rotation of log files[0m.
5:02:27 torchtpu-vm cloud-init[852]: ci-info: +-------+-----------------+------------+-----------------+-----------+-------+
Jul 25 15:02:27 torchtpu-vm cloud-init[852]: ci-info: +++++++++++++++++++Route IPv6 info+++++++++++++++++++
Jul 25 15:02:27 torchtpu-vm cloud-init[852]: ci-info: +-------+-------------+---------+-----------+-------+
Jul 25 15:02:27 torchtpu-vm cloud-init[852]: ci-info: | Route | Destination | Gateway | Interface | Flags |
Jul 25 15:02:27 torchtpu-vm cloud-init[852]: ci-info: +-------+-------------+---------+-----------+-------+
Jul 25 15:02:27 torchtpu-vm kernel: [    2.050230] systemd[1]: Listening on udev Kernel Socket.
Jul 25 15:02:27 torchtpu-vm kernel: [    2.063184] systemd[1]: Mounting Huge Pages File System...
Jul 25 15:02:27 torchtpu-vm kernel: [    2.067954] systemd[1]: Mounting POSIX Message Queue File System...
Jul 25 15:02:27 torchtpu-vm kernel: [    2.072987] systemd[1]: Mounting Kernel Debug File System...
Jul 25 15:02:27 torchtpu-vm kernel: [    2.076902] systemd[1]: Mounting Kernel Trace File System...
Jul 25 15:02:27 torchtpu-vm kernel: [    2.083074] systemd[1]: Starting Journal Service...
Jul 25 15:02:27 torchtpu-vm kernel: [    2.087059] systemd[1]: Starting Set the console keyboard layout...
Jul 25 15:02:27 torchtpu-vm kernel: [    2.092990] systemd[1]: Starting Create List of Static Device Nodes...
Jul 25 15:02:27 torchtpu-vm kernel: [    2.097016] systemd[1]: Starting Monitoring of LVM2 mirrors, snapshots etc. using dmeventd or progress polling...
Jul 25 15:02:27 torchtpu-vm kernel: [    2.102154] systemd[1]: Condition check resulted in LXD - agent being skipped.
Jul 25 15:02:27 torchtpu-vm kernel: [    2.103636] systemd[1]: Starting Load Kernel Module configfs...
Jul 25 15:02:27 torchtpu-vm kernel: [    2.108084] systemd[1]: Starting Load Kernel Module drm...
Jul 25 15:02:27 torchtpu-vm cloud-init[852]: ci-info: |   1   |  fe80::/64  |    ::   |    ens5   |   U   |
Jul 25 15:02:27 torchtpu-vm kernel: [    2.112982] systemd[1]: Starting Load Kernel Module efi_pstore...
Jul 25 15:02:27 torchtpu-vm kernel: [    2.116976] systemd[1]: Starting Load Kernel Module fuse...
Jul 25 15:02:27 torchtpu-vm kernel: [    2.117839] pstore: Using crash dump compression: deflate
Jul 25 15:02:27 torchtpu-vm kernel: [    2.122171] systemd[1]: Condition check resulted in OpenVSwitch configuration for cleanup being skipped.
Jul 25 15:02:27 torchtpu-vm kernel: [    2.123745] pstore: Registered efi_pstore as persistent store backend
Jul 25 15:02:27 torchtpu-vm kernel: [    2.123869] systemd[1]: Starting File System Check on Root Device...
Jul 25 15:02:27 torchtpu-vm cloud-init[852]: ci-info: |   3   |    local    |    ::   |    ens5   |   U   |
Jul 25 15:02:27 torchtpu-vm kernel: [    2.131153] systemd[1]: Starting Load Kernel Modules...
Jul 25 15:02:27 torchtpu-vm cloud-init[852]: ci-info: |   4   |  multicast  |    ::   |    ens5   |   U   |
Jul 25 15:02:27 torchtpu-vm kernel: [    2.132453] systemd[1]: Starting Coldplug All udev Devices...
Jul 25 15:02:27 torchtpu-vm kernel: [    2.134324] systemd[1]: Started Journal Service.
Jul 25 15:02:27 torchtpu-vm kernel: [    2.209785] EXT4-fs (nvme0n1p1): re-mounted 0a734a54-2c63-4fd9-8ff6-03a4dc0dbd90 r/w.
Jul 25 15:02:27 torchtpu-vm kernel: [    2.233713] alua: device handler registered
Jul 25 15:02:27 torchtpu-vm kernel: [    2.235872] emc: device handler registered
Jul 25 15:02:27 torchtpu-vm cloud-init[852]: ci-info: +-------+-------------+---------+-----------+-------+
Jul 25 15:02:27 torchtpu-vm kernel: [    2.237612] rdac: device handler registered
Jul 25 15:02:27 torchtpu-vm kernel: [    2.410879] ACPI: \_SB_.LNKA: Enabled at IRQ 10
Jul 25 15:02:27 torchtpu-vm kernel: [    2.411492] gve 0000:00:05.0: Driver is running with DQO RDA queue format.
Jul 25 15:02:27 torchtpu-vm kernel: [    2.411497] gve 0000:00:05.0: MAC addr: 42:01:0a:f0:00:36
Jul 25 15:02:27 torchtpu-vm kernel: [    2.411499] gve 0000:00:05.0: BUFFER SIZES device option enabled with max_rx_buffer_size of 4096, header_buf_size of 128.
Jul 25 15:02:27 torchtpu-vm kernel: [    2.41151[[0;32m  OK  [0m] Started [0;1;39mDaily man-db regeneration[0m.
0] gve 0000:00:05.0: TX queues 16, RX queues 16
Jul 25 15:02:27 torchtpu-vm kernel: [    2.411513] gve 0000:00:05.0: Max TX queues 16, Max RX queues 16
Jul 25 15:02:27 torchtpu-vm kernel: [    2.426979] gve 0000:00:05.0: GVE version 1.0.0
Jul 25 15:02:27 torchtpu-vm kernel: [    2.426983] gve 0000:00:05.0: GVE queue format 3
Jul 25 15:02:27 torchtpu-vm kernel: [    2.428229] cryptd: max_cpu_qlen set to 1000
Jul 25 15:02:27 torchtpu-vm kernel: [    2.437452] AVX2 version of gcm_enc/dec engaged.
Jul 25 15:02:27 torchtpu-vm kernel: [    2.438168] AES CTR mode by8 optimization enabled
Jul 25 15:02:27 torchtpu-vm kernel: [    2.439026] VFIO - User Level meta-driver version: 0.3
Jul 25 15:02:27 torchtpu-vm kernel: [    2.468154] gve 0000:00:05.0 ens5: renamed from eth0
Jul 25 15:02:27 torchtpu-vm kernel: [    2.752451] loop0: detected capacity change from 0 to 150320
Jul 25 15:02:27 torchtpu-vm kernel: [    2.757647] loop1: detected capacity change from 0 to 151512
Jul 25 15:02:27 torchtpu-vm kernel: [    2.763205] loop2: detected capacity change from 0 to 136816
Jul 25 15:02:27 torchtpu-vm kernel: [    2.769385] loop3: detected capacity change from 0 to 705816
Jul 25 15:02:27 torchtpu-vm kernel: [    2.774660] loop4: detected capacity change from 0 to 235776
Jul 25 15:02:27 torchtpu-vm kernel: [    2.780261] loop5: detected capacity change from 0 to 102608
Jul 25 15:02:27 torchtpu-vm kernel: [    2.786828] loop6: detected capacity change from 0 to 38576
Jul 25 15:02:27 torchtpu-vm kernel: [    2.907490] audit: type=1400 audit(1784991742.214:2): apparmor="STATUS" operation="profile_load" profile="unconfined" name="lsb_release" pid=744 comm="apparmor_parser"
Jul 25 15:02:27 torchtpu-vm kernel: [    2.907561] audit: type=1400 audit(1784991742.214:3): apparmor="STATUS" operation="profile_load" profile="unconfined" name="nvidia_modprobe" pid=745 comm="apparmor_parser"
Jul 25 15:02:27 torchtpu-vm kernel: [    2.907566] audit: type=1400 audit(1784991742.214:4): apparmor="STATUS" operation="profile_load" profile="unconfined" name="nvidia_modprobe//kmod" pid=745 comm="apparmor_parser"
Jul 25 15:02:27 torchtpu-vm kernel: [    2.908754] audit: type=1400 audit(1784991742.215:5): apparmor="STATUS" operation="profile_load" profile="unconfined" name="/usr/lib/snapd/snap-confine" pid=751 comm="apparmor_parser"
Jul 25 15:02:27 torchtpu-vm kernel: [    2.910879] audit: type=1400 audit(1784991742.217:6): apparmor="STATUS" operation="profile_load" profile="unconfined" name="/usr/bin/man" pid=749 comm="apparmor_parser"
Jul 25 15:02:27 torchtpu-vm kernel: [    2.910884] audit: type=1400 audit(1784991742.217:7): apparmor="STATUS" operation="profile_load" profile="unconfined" name="man_filter" pid=749 comm="apparmor_parser"
Jul 25 15:02:27 torchtpu-vm kernel: [    2.910888] audit: type=1400 audit(1784991742.217:8): apparmor="STATUS" operation="profile_load" profile="unconfined" name="man_groff" pid=749 comm="apparmor_parser"
Jul 25 15:02:27 torchtpu-vm kernel: [    2.912272] audit: type=1400 audit(1784991742.219:9): apparmor="STATUS" operation="profile_load" profile="unconfined" name="/usr/sbin/chronyd" pid=752 comm="apparmor_parser"
Jul 25 15:02:27 torchtpu-vm kernel: [    2.912979] audit: type=1400 audit(1784991742.219:10): apparmor="STATUS" operation="profile_load" profile="unconfined" name="ubuntu_pro_apt_news" pid=747 comm="apparmor_parser"
Jul 25 15:02:27 torchtpu-vm kernel: [    3.294938] input: ImExPS/2 Generic Explorer Mouse as /devices/platform/i8042/serio1/input/input4
Jul 25 15:02:27 torchtpu-vm kernel: [    3.590806] gve 0000:00:05.0 ens5: Device link is up.
Jul 25 15:02:27 torchtpu-vm kernel: [    4.105365] gve 0000:00:05.0 ens5: Device link is up.
Jul 25 15:02:27 torchtpu-vm kernel: [    6.612161] EXT4-fs (nvme0n1p1): resizing filesystem from 1020155 to 52400379 blocks
Jul 25 15:02:27 torchtpu-vm kernel: [    7.158157] EXT4-fs (nvme0n1p1): resized filesystem to 52400379
Jul 25 15:02:27 torchtpu-vm cloud-init[852]: Generating public/private rsa key pair.
Jul 25 15:02:27 torchtpu-vm cloud-init[852]: Your identification has been saved in[[0;32m  OK  [0m] Started [0;1;39mMessage of the Day[0m.
 /etc/ssh/ssh_host_rsa_key
Jul 25 15:02:27 torchtpu-vm cloud-init[852]: Your public key has been saved in /etc/ssh/ssh_host_rsa_key.pub
Jul 25 15:02:27 torchtpu-vm cloud-init[852]: The key fingerprint is:
Jul 25 15:02:27 torchtpu-vm cloud-init[852]: SHA256:+XDqcLTwq1Bs6xDrfxX0nEh6yLmk0wQrJPqhuZf/wrE root@torchtpu-vm
Jul 25 15:02:27 torchtpu-vm cloud-init[852]: The key's randomart image is:
Jul 25 15:02:27 torchtpu-vm cloud-init[852]: +---[RSA 3072]----+
Jul 25 15:02:27 torchtpu-vm cloud-init[852]: |                 |
Jul 25 15:02:27 torchtpu-vm cloud-init[852]: |  . . .   o      |
Jul 25 15:02:27 torchtpu-vm cloud-init[852]: | . o   + * + .   |
Jul 25 15:02:27 torchtpu-vm cloud-init[852]: |. . ... B.+ +    |
Jul 25 15:02:27 torchtpu-vm cloud-init[852]: | + ...==So..     |
Jul 25 15:02:27 torchtpu-vm cloud-init[852]: |o . .=o=o*.      |
Jul 25 15:02:27 torchtpu-vm cloud-init[852]: | . o+oo.=..      |
Jul 25 15:02:27 torchtpu-vm cloud-init[852]: |. o.E+ +..       |
Jul 25 15:02:27 torchtpu-vm cloud-init[852]: | . .o+=oo        |
Jul 25 15:02:27 torchtpu-vm cloud-init[852]: +----[SHA256]-----+
Jul 25 15:02:27 torchtpu-vm cloud-init[852]: Generating public/private ecdsa key pair.
Jul 25 15:02:27 torchtpu-vm cloud-init[852]: Your identification has been saved in /etc/ssh/ssh_host_ecdsa_key
Jul 25 15:02:27 torchtpu-vm cloud-init[852]: Your public key has been saved in /etc/ssh/ssh_host_ecdsa_key.pub
Jul 25 15:02:27 torchtpu-vm cloud-init[852]: The key fingerprint is:
Jul 25 15:02:27 torchtpu-vm cloud-init[852]: SHA256:vha5QVNQ4EtJ2jmqp5CgvLEfAjQxcprJnohG5P3TAGs root@torchtpu-vm
Jul 25 15:02:27 torchtpu-vm cloud-init[852]: The key's randomart image is:
Jul 25 15:02:27 torchtpu-vm cloud-init[852]: +---[ECDSA 256]---+
Jul 25 15:02:27 torchtpu-vm cloud-init[852]: |.+..    ++.      |
Jul 25 15:02:27 torchtpu-vm cloud-init[852]: |==+ o  = o.      |
Jul 25 15:02:27 torchtpu-vm cloud-init[852]: |+* E .. B.       |
Jul 25 15:02:27 torchtpu-vm cloud-init[852]: |* + . oooo       |
Jul 25 15:02:27 torchtpu-vm cloud-init[852]: |=+   o.oSo       |
Jul 25 15:02:27 torchtpu-vm cloud-init[852]: |=. . ...+        |
Jul 25 15:02:27 torchtpu-vm cloud-init[852]: |.+o.. . .+       |
Jul 25 15:02:27 torchtpu-vm cloud-init[852]: |  =..o  o.       |
Jul 25 15:02:27 torchtpu-vm cloud-init[852]: | o...  ..        |
Jul 25 15:02:27 torchtpu-vm cloud-init[852]: +----[SHA256]-----+
Jul 25 15:02:27 torchtpu-vm cloud-init[852]: Generating public/private ed25519 key pair.
Jul 25 15:02:27 torchtpu-vm cloud-init[852]: Your identification has been saved in /etc/ssh/ssh_host_ed25519_key
Jul 25 15:02:27 torchtpu-vm cloud-init[852]: Your public key has been saved in /etc/ssh/ssh_host_ed25519_key.pub
Jul 25 15:02:27 torchtpu-vm cloud-init[852]: The key fingerprint is:
Jul 25 15:02:27 torchtpu-vm cloud-init[852]: SHA256:k6JknS0YXwHBY4wCQAj11swsKFUn6ziPPUtAYMLNsK8 root@torchtpu-vm
Jul 25 15:02:27 torchtpu-vm cloud-init[852]: The key's randomart image is:
Jul 25 15:02:27 torchtpu-vm cloud-init[852]: +--[ED25519 256]--+
Jul 25 15:02:27 torchtpu-vm cloud-init[852]: |%**.o++o.        |
Jul 25 15:02:27 torchtpu-vm cloud-init[852]: |++o=.O=  .       |
Jul 25 15:02:27 torchtpu-vm cloud-init[852]: |..o.*.=..        |
Jul 25 15:02:27 torchtpu-vm cloud-init[852]: | o.+ * + .       |
Jul 25 15:02:27 torchtpu-vm cloud-init[852]: |  +.= * S        |
Jul 25 15:02:27 torchtpu-vm cloud-init[852]: |  .O . o .       |
Jul 25 15:02:27 torchtpu-vm cloud-init[852]: | E. *            |
Jul 25 15:02:27 torchtpu-vm cloud-init[852]: |   . o           |
Jul 25 15:02:27 torchtpu-vm cloud-init[852]: |    .            |
Jul 25 15:02:27 torchtpu-vm cloud-init[852]: +----[SHA256]-----+
Jul 25 15:02:27 torchtpu-vm systemd[1]: Finished Cloud-init: Network Stage.
Jul 25 15:02:27 torchtpu-vm dbus-daemon[1033]: [system] AppArmor D-Bus mediation is enabled
Jul 25 15:02:27 torchtpu-vm systemd[1]: Reached target Cloud-config availability.
Jul 25 15:02:27 torchtpu-vm dbus-daemon[1033]: [system] Activating systemd to hand-off: service name='org.freedesktop.hostname1' unit='dbus-org.freedesktop.hostname1.serv[[0;32m  OK  [0m] Started [0;1;39mCheck to see wheth…w version of Ubuntu available[0m.
ice' requested by ':1.0' (uid=100 pid=843 comm="/lib/systemd/systemd-networkd " label="unconfined")
Jul 25 15:02:27 torchtpu-vm systemd[1]: Reached target Network is Online.
Jul 25 15:02:27 torchtpu-vm chronyd[1057]: chronyd version 4.2 starting (+CMDMON +NTP +REFCLOCK +RTC +PRIVDROP +SCFILTER +SIGND +ASYNCDNS +NTS +SECHASH +IPV6 -DEBUG)
Jul 25 15:02:27 torchtpu-vm systemd[1]: Reached target System Initialization.
Jul 25 15:02:27 torchtpu-vm chronyd[1057]: Using right/UTC timezone to obtain leap second data
Jul 25 15:02:27 torchtpu-vm systemd[1]: Condition check resulted in Process error reports when automatic reporting is enabled (file watch) being skipped.
Jul 25 15:02:27 torchtpu-vm chronyd[1057]: Loaded seccomp filter (level 1)
Jul 25 15:02:27 torchtpu-vm systemd[1]: Condition check resulted in Process error reports when automatic reporting is enabled (timer based) being skipped.
Jul 25 15:02:27 torchtpu-vm systemd[1]: Started GCE Workload Certificate refresh timer.
Jul 25 15:02:27 torchtpu-vm google_oslogin_nss_cache[1039]: oslogin_cache_refresh[1039]: Refreshing passwd entry cache
Jul 25 15:02:27 torchtpu-vm google_oslogin_nss_cache[1039]: oslogin_cache_refresh[1039]: Refreshing group entry cache
Jul 25 15:02:27 torchtpu-vm systemd[1]: Started NSS cache refresh timer.
Jul 25 15:02:27 torchtpu-vm systemd[1]: Started Daily Cleanup of Temporary Directories.
Jul 25 15:02:27 torchtpu-vm setup.sh[1044]: accelerator type: v6e-1
Jul 25 15:02:27 torchtpu-vm systemd[1]: Condition check resulted in Ubuntu Pro Timer for running repeated jobs being skipped.
Jul 25 15:02:27 torchtpu-vm setup.sh[1073]: net.ipv4.tcp_rmem = 4096 41943040 314572800
Jul 25 15:02:27 torchtpu-vm systemd[1]: Started Download data for packages that failed at package install time.
Jul 25 15:02:27 torchtpu-vm networkd-dispatcher[1054]: No valid path found for iwconfig
Jul 25 15:02:27 torchtpu-vm networkd-dispatcher[1054]: No valid path found for iw
Jul 25 15:02:27 torchtpu-vm systemd[1]: Reached target Path Units.
Jul 25 15:02:27 torchtpu-vm systemd[1]: Condition check resulted in Unix socket for apport crash forwarding being skipped.
Jul 25 15:02:27 torchtpu-vm systemd[1]: Listening on cloud-init hotplug hook socket.
Jul 25 15:02:27 torchtpu-vm systemd[1]: Listening on D-Bus System Message Bus Socket.
Jul 25 15:02:27 torchtpu-vm systemd[1]: Listening on Open-iSCSI iscsid Socket.
Jul 25 15:02:27 torchtpu-vm systemd[1]: Starting Socket activation for snappy daemon...
Jul 25 15:02:27 torchtpu-vm systemd[1]: Listening on UUID daemon activation socket.
Jul 25 15:02:27 torchtpu-vm systemd[1]: Condition check resulted in Login to default iSCSI targets being skipped.
Jul 25 15:02:27 torchtpu-vm systemd[1]: Finished Availability of block devices.
Jul 25 15:02:27 torchtpu-vm systemd[1]: Listening on Socket activation for snappy daemon.
Jul 25 15:02:27 torchtpu-vm systemd[1]: Reached target Socket Units.
Jul 25 15:02:27 torchtpu-vm systemd[1]: Reached target Basic System.
Jul 25 15:02:27 torchtpu-vm systemd[1]: Starting chrony, an NTP client/server...
Jul 25 15:02:27 torchtpu-vm systemd[1]: Started D-Bus System Message Bus.
Jul 25 15:02:27 torchtpu-vm systemd[1]: Started Save initial kernel messages after boot.
Jul 25 15:02:27 torchtpu-vm systemd[1]: Starting Remove Stale Online ext4 Metadata Check Snapshots...
[[0;32m  OK  [0m] Reached target [0;1;39mTimer Units[0m.
Jul 25 15:02:27 torchtpu-vm systemd[1]: Starting GCE Workload Certificate refresh...
Jul 25 15:02:27 torchtpu-vm systemd[1]: Condition check resulted in getty on tty2-tty6 if dbus and logind are not available being skipped.
Jul 25 15:02:27 torchtpu-vm systemd[1]: Started Google OSConfig Agent.
Jul 25 15:02:27 torchtpu-vm systemd[1]: Starting NSS cache refresh...
Jul 25 15:02:27 torchtpu-vm systemd[1]: Starting Google Cloud TPU - Fetch metadata...
Jul 25 15:02:27 torchtpu-vm systemd[1]: Starting Google Cloud TPU - First boot setup...
Jul 25 15:02:27 torchtpu-vm systemd[1]: Starting Record successful boot for GRUB...
Jul 25 15:02:27 torchtpu-vm systemd[1]: Starting Dispatcher daemon for systemd-networkd...
Jul 25 15:02:27 torchtpu-vm systemd[1]: Condition check resulted in Auto-connect to subsystems on FC-NVME devices found during boot being skipped.
Jul 25 15:02:27 torchtpu-vm systemd[1]: Starting Connect NVMe-oF subsystems automatically during boot...
Jul 25 15:02:27 torchtpu-vm systemd[1]: Starting Pollinate to seed the pseudo random number generator...
Jul 25 15:02:27 torchtpu-vm systemd[1]: Starting System Logging Service...
Jul 25 15:02:27 torchtpu-vm systemd[1]: Starting Secure Boot updates for DB and DBX...
Jul 25 15:02:27 torchtpu-vm systemd[1]: Condition check resulted in Automatically repair incorrect owner/permissions on core devices being skipped.
Jul 25 15:02:27 torchtpu-vm systemd[1]: Condition check resulted in Wait for the Ubuntu Core chooser trigger being skipped.
Jul 25 15:02:27 torchtpu-vm systemd[1]: Reached target Preparation for Logins.
Jul 25 15:02:27 torchtpu-vm systemd[1]: Starting Wait until snapd is fully seeded...
Jul 25 15:02:27 torchtpu-vm systemd[1]: Starting Snap Daemon...
Jul 25 15:02:27 torchtpu-vm systemd[1]: Starting User Login Management...
Jul 25 15:02:27 torchtpu-vm systemd[1]: Condition check resulted in Ubuntu Pro reboot cmds being skipped.
Jul 25 15:02:27 torchtpu-vm systemd[1]: Started Ubuntu Pro Background Auto Attach.
Jul 25 15:02:27 torchtpu-vm systemd[1]: Started chrony, an NTP client/server.
Jul 25 15:02:27 torchtpu-vm systemd[1]: e2scrub_reap.service: Deactivated successfully.
Jul 25 15:02:27 torchtpu-vm systemd[1]: Finished Remove Stale Online ext4 Metadata Check Snapshots.
Jul 25 15:02:27 torchtpu-vm systemd[1]: google-oslogin-cache.service: Deactivated successfully.
Jul 25 15:02:27 torchtpu-vm systemd[1]: Finished NSS cache refresh.
Jul 25 15:02:27 torchtpu-vm systemd[1]: Finished Google Cloud TPU - Fetch metadata.
Jul 25 15:02:27 torchtpu-vm gce_workload_cert_refresh[1037]: 2026/07/25 15:02:27: Done
Jul 25 15:02:27 torchtpu-vm systemd[1]: Started Dispatcher daemon for systemd-networkd.
Jul 25 15:02:27 torchtpu-vm systemd[1]: gce-workload-cert-refresh.service: Deactivated successfully.
Jul 25 15:02:27 torchtpu-vm systemd[1]: Finished GCE Workload Certificate refresh.
Jul 25 15:02:27 torchtpu-vm systemd[1]: nvmf-autoconnect.service: Deactivated successfully.
Jul 25 15:02:27 torchtpu-vm systemd[1]: Finished Connect NVMe-oF subsystems automatically during boot.
Jul 25 15:02:27 torchtpu-vm systemd[1]: grub-common.service: Deactivated successfully.
Jul 25 15:02:27 torchtpu-vm systemd[1]: Finished Record successful boot for GRUB.
Jul 25 15:02:27 torchtpu-vm systemd[1]: Reloading.
Jul 25 15:02:27 torchtpu-vm dbus-daemon[1033]: [system] Successfully activated service 'org.freedesktop.systemd1'
Jul 25 15:02:27 torchtpu-vm sbkeysync[1126]: Filesystem keystore:
Jul 25 15:02:27 torchtpu-vm sbkeysync[1126]:   /usr/share/secureboot/updates/dbx/dbxupdate_x64.bin [7085 bytes]
Jul 25 15:02:27 torchtpu-vm sbkeysync[1126]: firmware keys:
Jul 25 15:02:27 torchtpu-vm sbkeysync[1126]:   PK:
Jul 25 15:02:27 torchtpu-vm sbkeysync[1126]:     /CN=newpk
Jul 25 15:02:27 torchtpu-vm sbkeysync[1126]:   KEK:
Jul 25 15:02:27 torchtpu-vm sbkeysync[1126]:     /C=US/O=Microsoft Corporation/CN=Microsoft Corporation KEK 2K CA 2023
Jul 25 15:02:27 torchtpu-vm sbkeysync[1126]:     /C=US/ST=Washington/L=Redmond/O=Microsoft Corporation/CN=Microsoft Corporation KEK CA 2011
Jul 25 15:02:27 torchtpu-vm sbkeysync[1         Starting [0;1;39mLSB: automatic crash report generation[0m...
126]:   db:
Jul 25 15:02:27 torchtpu-vm sbkeysync[1126]:     /C=US/O=Microsoft Corporation/CN=Microsoft UEFI CA 2023
Jul 25 15:02:27 torchtpu-vm sbkeysync[1126]:     /C=US/O=Microsoft Corporation/CN=Windows UEFI CA 2023
Jul 25 15:02:27 torchtpu-vm sbkeysync[1126]:     /C=US/ST=Washington/L=Redmond/O=Microsoft Corporation/CN=Microsoft Windows Production PCA 2011
Jul 25 15:02:27 torchtpu-vm sbkeysync[1126]:     /C=US/ST=Washington/L=Redmond/O=Microsoft Corporation/CN=Microsoft Corporation UEFI CA 2011
Jul 25 15:02:27 torchtpu-vm sbkeysync[1126]:   dbx:
Jul 25 15:02:27 torchtpu-vm sbkeysync[1126]:     45c7c8ae750acfbb48fc37527d6412dd644daed8913ccd8a24c94d856967df8e
Jul 25 15:02:27 torchtpu-vm sbkeysync[1126]:     64575bd912789a2e14ad56f6341f52af6bf80cf94400785975e9f04e2d64d745
Jul 25 15:02:27 torchtpu-vm sbkeysync[1126]:     939aeef4f5fa51e23340c3f2e49048ce8872526afdf752c3a7f3a3f2bc9f6049
Jul 25 15:02:27 torchtpu-vm sbkeysync[1126]:     3b0287533e0cc3d0ec1aa823cbf0a941aad8721579d1c499802dd1c3a636b8a9
Jul 25 15:02:27 torchtpu-vm sbkeysync[1126]:     c83cb13922ad99f560744675dd37cc94dcad5a1fcba6472fee341171d939e884
Jul 25 15:02:27 torchtpu-vm sbkeysync[1126]:     77dd190fa30d88ff5e3b011a0ae61e6209780c130b535ecb87e6f0888a0b6b2f
Jul 25 15:02:27 torchtpu-vm sbkeysync[1126]:     55b99b0de53dbcfe485aa9c737cf3fb616ef3d91fab599aa7cab19eda763b5ba
Jul 25 15:02:27 torchtpu-vm sbkeysync[1126]:     ca171d614a8d7e121c93948cd0fe55d39981f9d11aa96e03450a415227c2c65b
Jul 25 15:02:27 torchtpu-vm sbkeysync[1126]:     fecfb232d12e994b6d485d2c7167728aa5525984ad5ca61e7516221f079a1436
Jul 25 15:02:27 torchtpu-vm sbkeysync[1126]:     fe63a84f782cc9d3fcf2ccf9fc11fbd03760878758d26285ed12669bdc6e6d01
Jul 25 15:02:27 torchtpu-vm sbkeysync[1126]:     fddd6e3d29ea84c7743dad4a1bdbc700b5fec1b391f932409086acc71dd6dbd8
Jul 25 15:02:27 torchtpu-vm sbkeysync[1126]:     e92c22eb3b5642d65c1ec2caf247d2594738eebb7fb3841a44956f59e2b0d1fa
Jul 25 15:02:27 torchtpu-vm sbkeysync[1126]:     d8cbeb9735f5672b367e4f96cdc74969615d17074ae96c724d42ce0216f8f3fa
Jul 25 15:02:27 torchtpu-vm sbkeysync[1126]:     ce3bfabe59d67ce8ac8dfd4a16f7c43ef9c224513fbc655957d735fa29f540ce
Jul 25 15:02:27 torchtpu-vm sbkeysync[1126]:     cb6b858b40d3a098765815b592c1514a49604fafd60819da88d7a76e9778fef7
Jul 25 15:02:27 torchtpu-vm sbkeysync[1126]:     c90f336617b8e7f983975413c997f10b73eb267fd8a10cb9e3bdbfc667abdb8b
Jul 25 15:02:27 torchtpu-vm sbkeysync[1126]:     c617c1a8b1ee2a811c28b5a81b4c83d7c98b5b0c27281d610207ebe692c2967f
Jul 25 15:02:27 torchtpu-vm sbkeysync[1126]:     c409bdac4775add8db92aa22b5b718fb8c94a1462c1fe9a416b95d8a3388c2fc
Jul 25 15:02:27 torchtpu-vm sbkeysync[1126]:     bc87a668e81966489cb508ee805183c19e6acd24cf17799ca062d2e384da0ea7
Jul 25 15:02:27 torchtpu-vm sbkeysync[1126]:     b97a0889059c035ff1d54b6db53b11b9766668d9f955247c028b2837d7a04cd9
Jul 25 15:02:27 torchtpu-vm sbkeysync[1126]:     b8f078d983a24ac433216393883514cd932c33af18e7dd70884c8235f4275736
Jul 25 15:02:27 torchtpu-vm sbkeysync[1126]:     b54f1ee636631fad68058d3b0937031ac1b90ccb17062a391cca68afdbe40d55
Jul 25 15:02:27 torchtpu-vm sbkeysync[1126]:     afe2030afb7d2cda13f9fa333a02e34f6751afec11b010dbcd441fdf4c4002b3
Jul 25 15:02:27 torchtpu-vm sbkeysync[1126]:     aeebae3151271273ed95aa2e671139ed31a98567303a332298f83709a9d55aa1
Jul 25 15:02:27 torchtpu-vm sbkeysync[1126]:     ad6826e1946d26d3eaf3685c88d97d85de3b4dcb3d0ee2ae81c70560d13c5720
Jul 25 15:02:27 torchtpu-vm sbkeysync[1126]:     a7f32f508d4eb0fead9a087ef94ed1ba0aec5de6f7ef6ff0a62b93bedf5d458d
Jul 25 15:02:27 torchtpu-vm sbkeysync[1126]:     a6b5151f3655d3a2af0d472759796be4a4200e5495a7d869754c4848857408a7
Jul 25 15:02:27 torchtpu-vm sbkeysync[1126]:     9e4a69173161682e55fde8fef560eb88ec1ffedcaf04001f66c0caf707b2b734
Jul 25 15:02:27 torchtpu-vm sbkeysync[1126]:     9998d363c491be16bd74ba10b94d9291001611736fdca643a36664bc0f315a42
Jul 25 15:02:27 torchtpu-vm sbkeysync[1126]:     8d8ea289cfe70a1c07ab7365cb28ee51edd33cf2506de888fbadd60ebf80481c
Jul 25 15:02:27 torchtpu-vm sbkeysync[1126]:     8bf434b49e00ccf71502a2cd900865cb01ec3b3da03c35be505fdf7bd563f521
Jul 2[[0;32m  OK  [0m] Started [0;1;39mRegular background program processing daemon[0m.
5 15:02:27 torchtpu-vm sbkeysync[1126]:     8ad64859f195b5f58dafaa940b6a6167acd67a886e8f469364177221c55945b9
Jul 25 15:02:27 torchtpu-vm sbkeysync[1126]:     895a9785f617ca1d7ed44fc1a1470b71f3f1223862d9ff9dcc3ae2df92163daf
Jul 25 15:02:27 torchtpu-vm sbkeysync[1126]:     82db3bceb4f60843ce9d97c3d187cd9b5941cd3de8100e586f2bda5637575f67
Jul 25 15:02:27 torchtpu-vm sbkeysync[1126]:     81a8b965bb84d3876b9429a95481cc955318cfaa1412d808c8a33bfd33fff0e4
Jul 25 15:02:27 torchtpu-vm sbkeysync[1126]:     7827af99362cfaf0717dade4b1bfe0438ad171c15addc248b75bf8caa44bb2c5
Jul 25 15:02:27 torchtpu-vm sbkeysync[1126]:     72e0bd1867cf5d9d56ab158adf3bddbc82bf32a8d8aa1d8c5e2f6df29428d6d8
Jul 25 15:02:27 torchtpu-vm sbkeysync[1126]:     726b3eb654046a30f3f83d9b96ce03f670e9a806d1708a0371e62dc49d2c23c1
Jul 25 15:02:27 torchtpu-vm sbkeysync[1126]:     71f2906fd222497e54a34662ab2497fcc81020770ff51368e9e3d9bfcbfd6375
Jul 25 15:02:27 torchtpu-vm sbkeysync[1126]:     6f1428ff71c9db0ed5af1f2e7bbfcbab647cc265ddf5b293cdb626f50a3a785e
Jul 25 15:02:27 torchtpu-vm sbkeysync[1126]:     6c8854478dd559e29351b826c06cb8bfef2b94ad3538358772d193f82ed1ca11
Jul 25 15:02:27 torchtpu-vm sbkeysync[1126]:     6b1d138078e4418aa68deb7bb35e066092cf479eeb8ce4cd12e7d072ccb42f66
Jul 25 15:02:27 torchtpu-vm sbkeysync[1126]:     5ae949ea8855eb93e439dbc65bda2e42852c2fdf6789fa146736e3c3410f2b5c
Jul 25 15:02:27 torchtpu-vm sbkeysync[1126]:     518831fe7382b514d03e15c621228b8ab65479bd0cbfa3c5c1d0f48d9c306135
Jul 25 15:02:27 torchtpu-vm sbkeysync[1126]:     47cc086127e2069a86e03a6bef2cd410f8c55a6d6bdb362168c31b2ce32a5adf
Jul 25 15:02:27 torchtpu-vm sbkeysync[1126]:     4397daca839e7f63077cb50c92df43bc2d2fb2a8f59f26fc7a0e4bd4d9751692
Jul 25 15:02:27 torchtpu-vm sbkeysync[1126]:     3fce9b9fdf3ef09d5452b0f95ee481c2b7f06d743a737971558e70136ace3e73
Jul 25 15:02:27 torchtpu-vm sbkeysync[1126]:     3841d221368d1583d75c0a02e62160394d6c4e0a6760b6f607b90362bc855b02
Jul 25 15:02:27 torchtpu-vm sbkeysync[1126]:     3608edbaf5ad0f41a414a1777abf2faf5e670334675ec3995e6935829e0caad2
Jul 25 15:02:27 torchtpu-vm sbkeysync[1126]:     306628fa5477305728ba4a467de7d0387a54f569d3769fce5e75ec89d28d1593
Jul 25 15:02:27 torchtpu-vm sbkeysync[1126]:     2e70916786a6f773511fa7181fab0f1d70b557c6322ea923b2a8d3b92b51af7d
Jul 25 15:02:27 torchtpu-vm sbkeysync[1126]:     2c73d93325ba6dcbe589d4a4c63c5b935559ef92fbf050ed50c4e2085206f17d
Jul 25 15:02:27 torchtpu-vm sbkeysync[1126]:     2bbf2ca7b8f1d91f27ee52b6fb2a5dd049b85a2b9b529c5d6662068104b055f8
Jul 25 15:02:27 torchtpu-vm sbkeysync[1126]:     2b99cf26422e92fe365fbf4bc30d27086c9ee14b7a6fff44fb2f6b9001699939
Jul 25 15:02:27 torchtpu-vm sbkeysync[1126]:     18333429ff0562ed9f97033e1148dceee52dbe2e496d5410b5cfd6c864d2d10f
Jul 25 15:02:27 torchtpu-vm sbkeysync[1126]:     174e3a0b5b43c6a607bbd3404f05341e3dcf396267ce94f8b50e2e23a9da920c
Jul 25 15:02:27 torchtpu-vm sbkeysync[1126]:     106faceacfecfd4e303b74f480a08098e2d0802b936f8ec774ce21f31686689c
Jul 25 15:02:27 torchtpu-vm sbkeysync[1126]:     0dc9f3fb99962148c3ca833632758d3ed4fc8d0b0007b95b31e6528f2acd5bfc
Jul 25 15:02:27 torchtpu-vm sbkeysync[1126]:     0d0dbeca6f29eca06f331a7d72e4884b12097fb348983a2a14a0d73f4f10140f
Jul 25 15:02:27 torchtpu-vm sbkeysync[1126]:     0c189339762df336ab3dd006a463df715a39cfb0f492465c600e6c6bd7bd898c
Jul 25 15:02:27 torchtpu-vm sbkeysync[1126]:     0bbb4392daac7ab89b30a4ac657531b97bfaab04f90b0dafe5f9b6eb90a06374
Jul 25 15:02:27 torchtpu-vm sbkeysync[1126]:     09df5f4e511208ec78b96d12d08125fdb603868de39f6f72927852599b659c26
Jul 25 15:02:27 torchtpu-vm sbkeysync[1126]:     07e6c6a858646fb1efc67903fe28b116011f2367fe92e6be2b36999eff39d09e
Jul 25 15:02:27 torchtpu-vm sbkeysync[1126]:     075eea060589548ba060b2feed10da3c20c7fe9b17cd026b94e8a683b8115238
Jul 25 15:02:27 torchtpu-vm sbkeysync[1126]:     90fbe70e69d633408d3e170c6832dbb2d209e0272527dfb63d49d29572a6f44c
Jul 25 15:02:27 torchtpu-vm sbkeysync[1126]:     29c6eb52b43c3aa18b2cd8ed6ea8607cef3cfae1bafe1165755cf2e614844a44
Jul 25 15:02:27 torchtpu-vm sbkeysync[1126]:     d063ec28f67eba53f1642dbf7dff33c6a32add869f6013fe162e2c32f1cbe5         Starting [0;1;39mGoogle Compute Engine Guest Agent[0m...
6d
Jul 25 15:02:27 torchtpu-vm sbkeysync[1126]:     d626157e1d6a718bc124ab8da27cbb65072ca03a7b6b257dbdcbbd60f65ef3d1
Jul 25 15:02:27 torchtpu-vm sbkeysync[1126]:     5391c3a2fb112102a6aa1edc25ae77e19f5d6f09cd09eeb2509922bfcd5992ea
Jul 25 15:02:27 torchtpu-vm sbkeysync[1126]:     58fb941aef95a25943b3fb5f2510a0df3fe44c58c95e0ab80487297568ab9771
Jul 25 15:02:27 torchtpu-vm sbkeysync[1126]:     c3a99a460da464a057c3586d83cef5f4ae08b7103979ed8932742df0ed530c66
Jul 25 15:02:27 torchtpu-vm sbkeysync[1126]:     e6ca68e94146629af03f69c2f86e6bef62f930b37c6fbcc878b78df98c0334e5
Jul 25 15:02:27 torchtpu-vm sbkeysync[1126]:     1aec84b84b6c65a51220a9be7181965230210d62d6d33c48999c6b295a2b0a06
Jul 25 15:02:27 torchtpu-vm sbkeysync[1126]:     363384d14d1f2e0b7815626484c459ad57a318ef4396266048d058c5a19bbf76
Jul 25 15:02:27 torchtpu-vm sbkeysync[1126]:     c5d9d8a186e2c82d09afaa2a6f7f2e73870d3e64f72c4e08ef67796a840f0fbd
Jul 25 15:02:27 torchtpu-vm sbkeysync[1126]:     f52f83a3fa9cfbd6920f722824dbe4034534d25b8507246b3b957dac6e1bce7a
Jul 25 15:02:27 torchtpu-vm sbkeysync[1126]:     80b4d96931bf0d02fd91a61e19d14f1da452e66db2408ca8604d411f92659f0a
Jul 25 15:02:27 torchtpu-vm sbkeysync[1126]: filesystem keys:
Jul 25 15:02:27 torchtpu-vm sbkeysync[1126]:   PK:
Jul 25 15:02:27 torchtpu-vm sbkeysync[1126]:   KEK:
Jul 25 15:02:27 torchtpu-vm sbkeysync[1126]:   db:
Jul 25 15:02:27 torchtpu-vm sbkeysync[1126]:   dbx:
Jul 25 15:02:27 torchtpu-vm sbkeysync[1126]:     45c7c8ae750acfbb48fc37527d6412dd644daed8913ccd8a24c94d856967df8e
Jul 25 15:02:27 torchtpu-vm sbkeysync[1126]:      from /usr/share/secureboot/updates/dbx/dbxupdate_x64.bin
Jul 25 15:02:27 torchtpu-vm sbkeysync[1126]:     64575bd912789a2e14ad56f6341f52af6bf80cf94400785975e9f04e2d64d745
Jul 25 15:02:27 torchtpu-vm sbkeysync[1126]:      from /usr/share/secureboot/updates/dbx/dbxupdate_x64.bin
Jul 25 15:02:27 torchtpu-vm sbkeysync[1126]:     939aeef4f5fa51e23340c3f2e49048ce8872526afdf752c3a7f3a3f2bc9f6049
Jul 25 15:02:27 torchtpu-vm sbkeysync[1126]:      from /usr/share/secureboot/updates/dbx/dbxupdate_x64.bin
Jul 25 15:02:27 torchtpu-vm sbkeysync[1126]:     3b0287533e0cc3d0ec1aa823cbf0a941aad8721579d1c499802dd1c3a636b8a9
Jul 25 15:02:27 torchtpu-vm sbkeysync[1126]:      from /usr/share/secureboot/updates/dbx/dbxupdate_x64.bin
Jul 25 15:02:27 torchtpu-vm sbkeysync[1126]:     c83cb13922ad99f560744675dd37cc94dcad5a1fcba6472fee341171d939e884
Jul 25 15:02:27 torchtpu-vm sbkeysync[1126]:      from /usr/share/secureboot/updates/dbx/dbxupdate_x64.bin
Jul 25 15:02:27 torchtpu-vm sbkeysync[1126]:     77dd190fa30d88ff5e3b011a0ae61e6209780c130b535ecb87e6f0888a0b6b2f
Jul 25 15:02:27 torchtpu-vm sbkeysync[1126]:      from /usr/share/secureboot/updates/dbx/dbxupdate_x64.bin
Jul 25 15:02:27 torchtpu-vm sbkeysync[1126]:     55b99b0de53dbcfe485aa9c737cf3fb616ef3d91fab599aa7cab19eda763b5ba
Jul 25 15:02:27 torchtpu-vm sbkeysync[1126]:      from /usr/share/secureboot/updates/dbx/dbxupdate_x64.bin
Jul 25 15:02:27 torchtpu-vm sbkeysync[1126]:     ca171d614a8d7e121c93948cd0fe55d39981f9d11aa96e03450a415227c2c65b
Jul 25 15:02:27 torchtpu-vm sbkeysync[1126]:      from /usr/share/secureboot/updates/dbx/dbxupdate_x64.bin
Jul 25 15:02:27 torchtpu-vm sbkeysync[1126]:     fecfb232d12e994b6d485d2c7167728aa5525984ad5ca61e7516221f079a1436
Jul 25 15:02:27 torchtpu-vm sbkeysync[1126]:      from /usr/share/secureboot/updates/dbx/dbxupdate_x64.bin
Jul 25 15:02:27 torchtpu-vm sbkeysync[1126]:     fe63a84f782cc9d3fcf2ccf9fc11fbd03760878758d26285ed12669bdc6e6d01
Jul 25 15:02:27 torchtpu-vm sbkeysync[1126]:      from /usr/share/secureboot/updates/dbx/dbxupdate_x64.bin
Jul 25 15:02:27 torchtpu-vm sbkeysync[1126]:     fddd6e3d29ea84c7743dad4a1bdbc700b5fec1b391f932409086acc71dd6dbd8
Jul 25 15:02:27 torchtpu-vm sbkeysync[1126]:      from /usr/share/secureboot/updates/dbx/dbxupdate_x64.bin
Jul 25 15:02:27 torchtpu-vm sbkeysync[1126]:     e92c22eb3b5642d65c1ec2caf247d2594738eebb7fb3841a44956f59e2b0d1fa
Jul 25 15:02:27 torchtpu-vm sbkeysync[1126]:      from /usr/share/secureboot/updates/dbx/dbxupdate_x64.bin
Jul 25 15:02:27 torchtpu-vm sbkey         Starting [0;1;39mGoogle Cloud TPU - Host configuration[0m...
sync[1126]:     d8cbeb9735f5672b367e4f96cdc74969615d17074ae96c724d42ce0216f8f3fa
Jul 25 15:02:27 torchtpu-vm sbkeysync[1126]:      from /usr/share/secureboot/updates/dbx/dbxupdate_x64.bin
Jul 25 15:02:27 torchtpu-vm sbkeysync[1126]:     ce3bfabe59d67ce8ac8dfd4a16f7c43ef9c224513fbc655957d735fa29f540ce
Jul 25 15:02:27 torchtpu-vm sbkeysync[1126]:      from /usr/share/secureboot/updates/dbx/dbxupdate_x64.bin
Jul 25 15:02:27 torchtpu-vm sbkeysync[1126]:     cb6b858b40d3a098765815b592c1514a49604fafd60819da88d7a76e9778fef7
Jul 25 15:02:27 torchtpu-vm sbkeysync[1126]:      from /usr/share/secureboot/updates/dbx/dbxupdate_x64.bin
Jul 25 15:02:27 torchtpu-vm sbkeysync[1126]:     c90f336617b8e7f983975413c997f10b73eb267fd8a10cb9e3bdbfc667abdb8b
Jul 25 15:02:27 torchtpu-vm sbkeysync[1126]:      from /usr/share/secureboot/updates/dbx/dbxupdate_x64.bin
Jul 25 15:02:27 torchtpu-vm sbkeysync[1126]:     c617c1a8b1ee2a811c28b5a81b4c83d7c98b5b0c27281d610207ebe692c2967f
Jul 25 15:02:27 torchtpu-vm sbkeysync[1126]:      from /usr/share/secureboot/updates/dbx/dbxupdate_x64.bin
Jul 25 15:02:27 torchtpu-vm sbkeysync[1126]:     c409bdac4775add8db92aa22b5b718fb8c94a1462c1fe9a416b95d8a3388c2fc
Jul 25 15:02:27 torchtpu-vm sbkeysync[1126]:      from /usr/share/secureboot/updates/dbx/dbxupdate_x64.bin
Jul 25 15:02:27 torchtpu-vm sbkeysync[1126]:     bc87a668e81966489cb508ee805183c19e6acd24cf17799ca062d2e384da0ea7
Jul 25 15:02:27 torchtpu-vm sbkeysync[1126]:      from /usr/share/secureboot/updates/dbx/dbxupdate_x64.bin
Jul 25 15:02:27 torchtpu-vm sbkeysync[1126]:     b97a0889059c035ff1d54b6db53b11b9766668d9f955247c028b2837d7a04cd9
Jul 25 15:02:27 torchtpu-vm sbkeysync[1126]:      from /usr/share/secureboot/updates/dbx/dbxupdate_x64.bin
Jul 25 15:02:27 torchtpu-vm sbkeysync[1126]:     b8f078d983a24ac433216393883514cd932c33af18e7dd70884c8235f4275736
Jul 25 15:02:27 torchtpu-vm sbkeysync[1126]:      from /usr/share/secureboot/updates/dbx/dbxupdate_x64.bin
Jul 25 15:02:27 torchtpu-vm sbkeysync[1126]:     b54f1ee636631fad68058d3b0937031ac1b90ccb17062a391cca68afdbe40d55
Jul 25 15:02:27 torchtpu-vm sbkeysync[1126]:      from /usr/share/secureboot/updates/dbx/dbxupdate_x64.bin
Jul 25 15:02:27 torchtpu-vm sbkeysync[1126]:     afe2030afb7d2cda13f9fa333a02e34f6751afec11b010dbcd441fdf4c4002b3
Jul 25 15:02:27 torchtpu-vm sbkeysync[1126]:      from /usr/share/secureboot/updates/dbx/dbxupdate_x64.bin
Jul 25 15:02:27 torchtpu-vm sbkeysync[1126]:     aeebae3151271273ed95aa2e671139ed31a98567303a332298f83709a9d55aa1
Jul 25 15:02:27 torchtpu-vm sbkeysync[1126]:      from /usr/share/secureboot/updates/dbx/dbxupdate_x64.bin
Jul 25 15:02:27 torchtpu-vm sbkeysync[1126]:     ad6826e1946d26d3eaf3685c88d97d85de3b4dcb3d0ee2ae81c70560d13c5720
Jul 25 15:02:27 torchtpu-vm sbkeysync[1126]:      from /usr/share/secureboot/updates/dbx/dbxupdate_x64.bin
Jul 25 15:02:27 torchtpu-vm sbkeysync[1126]:     a7f32f508d4eb0fead9a087ef94ed1ba0aec5de6f7ef6ff0a62b93bedf5d458d
Jul 25 15:02:27 torchtpu-vm sbkeysync[1126]:      from /usr/share/secureboot/updates/dbx/dbxupdate_x64.bin
Jul 25 15:02:27 torchtpu-vm sbkeysync[1126]:     a6b5151f3655d3a2af0d472759796be4a4200e5495a7d869754c4848857408a7
Jul 25 15:02:27 torchtpu-vm sbkeysync[1126]:      from /usr/share/secureboot/updates/dbx/dbxupdate_x64.bin
Jul 25 15:02:27 torchtpu-vm sbkeysync[1126]:     9e4a69173161682e55fde8fef560eb88ec1ffedcaf04001f66c0caf707b2b734
Jul 25 15:02:27 torchtpu-vm sbkeysync[1126]:      from /usr/share/secureboot/updates/dbx/dbxupdate_x64.bin
Jul 25 15:02:27 torchtpu-vm sbkeysync[1126]:     9998d363c491be16bd74ba10b94d9291001611736fdca643a36664bc0f315a42
Jul 25 15:02:27 torchtpu-vm sbkeysync[1126]:      from /usr/share/secureboot/updates/dbx/dbxupdate_x64.bin
Jul 25 15:02:27 torchtpu-vm sbkeysync[1126]:     8d8ea289cfe70a1c07ab7365cb28ee51edd33cf2506de888fbadd60ebf80481c
Jul 25 15:02:27 torchtpu-vm sbkeysync[1126]:      from /usr/share/secureboot/updates/dbx/dbxupdate_x64.bin
Jul 25 15:02:27 torchtpu-vm sbkeysync[1126]:     8bf434b49e00ccf71502a2cd900865cb01ec3b3da03c35be505fdf7bd563f521
Jul 25 15:02:27 torchtpu-vm sbkeysync         Starting [0;1;39mGRUB failed boot detection[0m...
[1126]:      from /usr/share/secureboot/updates/dbx/dbxupdate_x64.bin
Jul 25 15:02:27 torchtpu-vm sbkeysync[1126]:     8ad64859f195b5f58dafaa940b6a6167acd67a886e8f469364177221c55945b9
Jul 25 15:02:27 torchtpu-vm sbkeysync[1126]:      from /usr/share/secureboot/updates/dbx/dbxupdate_x64.bin
Jul 25 15:02:27 torchtpu-vm sbkeysync[1126]:     895a9785f617ca1d7ed44fc1a1470b71f3f1223862d9ff9dcc3ae2df92163daf
Jul 25 15:02:27 torchtpu-vm sbkeysync[1126]:      from /usr/share/secureboot/updates/dbx/dbxupdate_x64.bin
Jul 25 15:02:27 torchtpu-vm sbkeysync[1126]:     82db3bceb4f60843ce9d97c3d187cd9b5941cd3de8100e586f2bda5637575f67
Jul 25 15:02:27 torchtpu-vm sbkeysync[1126]:      from /usr/share/secureboot/updates/dbx/dbxupdate_x64.bin
Jul 25 15:02:27 torchtpu-vm sbkeysync[1126]:     81a8b965bb84d3876b9429a95481cc955318cfaa1412d808c8a33bfd33fff0e4
Jul 25 15:02:27 torchtpu-vm sbkeysync[1126]:      from /usr/share/secureboot/updates/dbx/dbxupdate_x64.bin
Jul 25 15:02:27 torchtpu-vm sbkeysync[1126]:     7827af99362cfaf0717dade4b1bfe0438ad171c15addc248b75bf8caa44bb2c5
Jul 25 15:02:27 torchtpu-vm sbkeysync[1126]:      from /usr/share/secureboot/updates/dbx/dbxupdate_x64.bin
Jul 25 15:02:27 torchtpu-vm sbkeysync[1126]:     72e0bd1867cf5d9d56ab158adf3bddbc82bf32a8d8aa1d8c5e2f6df29428d6d8
Jul 25 15:02:27 torchtpu-vm sbkeysync[1126]:      from /usr/share/secureboot/updates/dbx/dbxupdate_x64.bin
Jul 25 15:02:27 torchtpu-vm sbkeysync[1126]:     726b3eb654046a30f3f83d9b96ce03f670e9a806d1708a0371e62dc49d2c23c1
Jul 25 15:02:27 torchtpu-vm sbkeysync[1126]:      from /usr/share/secureboot/updates/dbx/dbxupdate_x64.bin
Jul 25 15:02:27 torchtpu-vm sbkeysync[1126]:     71f2906fd222497e54a34662ab2497fcc81020770ff51368e9e3d9bfcbfd6375
Jul 25 15:02:27 torchtpu-vm sbkeysync[1126]:      from /usr/share/secureboot/updates/dbx/dbxupdate_x64.bin
Jul 25 15:02:27 torchtpu-vm sbkeysync[1126]:     6f1428ff71c9db0ed5af1f2e7bbfcbab647cc265ddf5b293cdb626f50a3a785e
Jul 25 15:02:27 torchtpu-vm sbkeysync[1126]:      from /usr/share/secureboot/updates/dbx/dbxupdate_x64.bin
Jul 25 15:02:27 torchtpu-vm sbkeysync[1126]:     6c8854478dd559e29351b826c06cb8bfef2b94ad3538358772d193f82ed1ca11
Jul 25 15:02:27 torchtpu-vm sbkeysync[1126]:      from /usr/share/secureboot/updates/dbx/dbxupdate_x64.bin
Jul 25 15:02:27 torchtpu-vm sbkeysync[1126]:     6b1d138078e4418aa68deb7bb35e066092cf479eeb8ce4cd12e7d072ccb42f66
Jul 25 15:02:27 torchtpu-vm sbkeysync[1126]:      from /usr/share/secureboot/updates/dbx/dbxupdate_x64.bin
Jul 25 15:02:27 torchtpu-vm sbkeysync[1126]:     5ae949ea8855eb93e439dbc65bda2e42852c2fdf6789fa146736e3c3410f2b5c
Jul 25 15:02:27 torchtpu-vm sbkeysync[1126]:      from /usr/share/secureboot/updates/dbx/dbxupdate_x64.bin
Jul 25 15:02:27 torchtpu-vm sbkeysync[1126]:     518831fe7382b514d03e15c621228b8ab65479bd0cbfa3c5c1d0f48d9c306135
Jul 25 15:02:27 torchtpu-vm sbkeysync[1126]:      from /usr/share/secureboot/updates/dbx/dbxupdate_x64.bin
Jul 25 15:02:27 torchtpu-vm sbkeysync[1126]:     47cc086127e2069a86e03a6bef2cd410f8c55a6d6bdb362168c31b2ce32a5adf
Jul 25 15:02:27 torchtpu-vm sbkeysync[1126]:      from /usr/share/secureboot/updates/dbx/dbxupdate_x64.bin
Jul 25 15:02:27 torchtpu-vm sbkeysync[1126]:     4397daca839e7f63077cb50c92df43bc2d2fb2a8f59f26fc7a0e4bd4d9751692
Jul 25 15:02:27 torchtpu-vm sbkeysync[1126]:      from /usr/share/secureboot/updates/dbx/dbxupdate_x64.bin
Jul 25 15:02:27 torchtpu-vm sbkeysync[1126]:     3fce9b9fdf3ef09d5452b0f95ee481c2b7f06d743a737971558e70136ace3e73
Jul 25 15:02:27 torchtpu-vm sbkeysync[1126]:      from /usr/share/secureboot/updates/dbx/dbxupdate_x64.bin
Jul 25 15:02:27 torchtpu-vm sbkeysync[1126]:     3841d221368d1583d75c0a02e62160394d6c4e0a6760b6f607b90362bc855b02
Jul 25 15:02:27 torchtpu-vm sbkeysync[1126]:      from /usr/share/secureboot/updates/dbx/dbxupdate_x64.bin
Jul 25 15:02:27 torchtpu-vm sbkeysync[1126]:     3608edbaf5ad0f41a414a1777abf2faf5e670334675ec3995e6935829e0caad2
Jul 25 15:02:27 torchtpu-vm sbkeysync[1126]:      from /usr/share/secureboot/updates/dbx/dbxupdate_x64.bin
Jul 25 15:02:27 torchtpu-vm sbkeysync[1126]:             Starting [0;1;39mHostname Service[0m...
 306628fa5477305728ba4a467de7d0387a54f569d3769fce5e75ec89d28d1593
Jul 25 15:02:27 torchtpu-vm sbkeysync[1126]:      from /usr/share/secureboot/updates/dbx/dbxupdate_x64.bin
Jul 25 15:02:27 torchtpu-vm sbkeysync[1126]:     2e70916786a6f773511fa7181fab0f1d70b557c6322ea923b2a8d3b92b51af7d
Jul 25 15:02:27 torchtpu-vm sbkeysync[1126]:      from /usr/share/secureboot/updates/dbx/dbxupdate_x64.bin
Jul 25 15:02:27 torchtpu-vm sbkeysync[1126]:     2c73d93325ba6dcbe589d4a4c63c5b935559ef92fbf050ed50c4e2085206f17d
Jul 25 15:02:27 torchtpu-vm sbkeysync[1126]:      from /usr/share/secureboot/updates/dbx/dbxupdate_x64.bin
Jul 25 15:02:27 torchtpu-vm sbkeysync[1126]:     2bbf2ca7b8f1d91f27ee52b6fb2a5dd049b85a2b9b529c5d6662068104b055f8
Jul 25 15:02:27 torchtpu-vm sbkeysync[1126]:      from /usr/share/secureboot/updates/dbx/dbxupdate_x64.bin
Jul 25 15:02:27 torchtpu-vm sbkeysync[1126]:     2b99cf26422e92fe365fbf4bc30d27086c9ee14b7a6fff44fb2f6b9001699939
Jul 25 15:02:27 torchtpu-vm sbkeysync[1126]:      from /usr/share/secureboot/updates/dbx/dbxupdate_x64.bin
Jul 25 15:02:27 torchtpu-vm sbkeysync[1126]:     18333429ff0562ed9f97033e1148dceee52dbe2e496d5410b5cfd6c864d2d10f
Jul 25 15:02:27 torchtpu-vm sbkeysync[1126]:      from /usr/share/secureboot/updates/dbx/dbxupdate_x64.bin
Jul 25 15:02:27 torchtpu-vm sbkeysync[1126]:     174e3a0b5b43c6a607bbd3404f05341e3dcf396267ce94f8b50e2e23a9da920c
Jul 25 15:02:27 torchtpu-vm sbkeysync[1126]:      from /usr/share/secureboot/updates/dbx/dbxupdate_x64.bin
Jul 25 15:02:27 torchtpu-vm sbkeysync[1126]:     106faceacfecfd4e303b74f480a08098e2d0802b936f8ec774ce21f31686689c
Jul 25 15:02:27 torchtpu-vm sbkeysync[1126]:      from /usr/share/secureboot/updates/dbx/dbxupdate_x64.bin
Jul 25 15:02:27 torchtpu-vm sbkeysync[1126]:     0dc9f3fb99962148c3ca833632758d3ed4fc8d0b0007b95b31e6528f2acd5bfc
Jul 25 15:02:27 torchtpu-vm sbkeysync[1126]:      from /usr/share/secureboot/updates/dbx/dbxupdate_x64.bin
Jul 25 15:02:27 torchtpu-vm sbkeysync[1126]:     0d0dbeca6f29eca06f331a7d72e4884b12097fb348983a2a14a0d73f4f10140f
Jul 25 15:02:27 torchtpu-vm sbkeysync[1126]:      from /usr/share/secureboot/updates/dbx/dbxupdate_x64.bin
Jul 25 15:02:27 torchtpu-vm sbkeysync[1126]:     0c189339762df336ab3dd006a463df715a39cfb0f492465c600e6c6bd7bd898c
Jul 25 15:02:27 torchtpu-vm sbkeysync[1126]:      from /usr/share/secureboot/updates/dbx/dbxupdate_x64.bin
Jul 25 15:02:27 torchtpu-vm sbkeysync[1126]:     0bbb4392daac7ab89b30a4ac657531b97bfaab04f90b0dafe5f9b6eb90a06374
Jul 25 15:02:27 torchtpu-vm sbkeysync[1126]:      from /usr/share/secureboot/updates/dbx/dbxupdate_x64.bin
Jul 25 15:02:27 torchtpu-vm sbkeysync[1126]:     09df5f4e511208ec78b96d12d08125fdb603868de39f6f72927852599b659c26
Jul 25 15:02:27 torchtpu-vm sbkeysync[1126]:      from /usr/share/secureboot/updates/dbx/dbxupdate_x64.bin
Jul 25 15:02:27 torchtpu-vm sbkeysync[1126]:     07e6c6a858646fb1efc67903fe28b116011f2367fe92e6be2b36999eff39d09e
Jul 25 15:02:27 torchtpu-vm sbkeysync[1126]:      from /usr/share/secureboot/updates/dbx/dbxupdate_x64.bin
Jul 25 15:02:27 torchtpu-vm sbkeysync[1126]:     075eea060589548ba060b2feed10da3c20c7fe9b17cd026b94e8a683b8115238
Jul 25 15:02:27 torchtpu-vm sbkeysync[1126]:      from /usr/share/secureboot/updates/dbx/dbxupdate_x64.bin
Jul 25 15:02:27 torchtpu-vm sbkeysync[1126]:     90fbe70e69d633408d3e170c6832dbb2d209e0272527dfb63d49d29572a6f44c
Jul 25 15:02:27 torchtpu-vm sbkeysync[1126]:      from /usr/share/secureboot/updates/dbx/dbxupdate_x64.bin
Jul 25 15:02:27 torchtpu-vm sbkeysync[1126]:     29c6eb52b43c3aa18b2cd8ed6ea8607cef3cfae1bafe1165755cf2e614844a44
Jul 25 15:02:27 torchtpu-vm sbkeysync[1126]:      from /usr/share/secureboot/updates/dbx/dbxupdate_x64.bin
Jul 25 15:02:27 torchtpu-vm sbkeysync[1126]:     d063ec28f67eba53f1642dbf7dff33c6a32add869f6013fe162e2c32f1cbe56d
Jul 25 15:02:27 torchtpu-vm sbkeysync[1126]:      from /usr/share/secureboot/updates/dbx/dbxupdate_x64.bin
Jul 25 15:02:27 torchtpu-vm sbkeysync[1126]:     d626157e1d6a718bc124ab8da27cbb65072ca03a7b6b257dbdcbbd60f65ef3d1
Jul 25 15:02:27 torchtpu-vm sbkeysync[1126]:      from /usr/share/secureboot/updates/dbx/dbxupdate_x64.bin
Jul 25 15:02:27 torchtpu-vm sbkeysync[1126]:     5391c3a2fb112102a6aa1edc25ae77e19f5d6f09cd09eeb2509922bfcd5992ea
Jul 25 15:02:27 torchtpu-vm sbkeysync[1126]:      from /usr/share/secureboot/updates/dbx/dbxupdate_x64.bin
Jul 25 15:02:27 torchtpu-vm sbkeysync[1126]:     58fb941aef95a25943b3fb5f2510a0df3fe44c58c95e0ab80487297568ab9771
Jul 25 15:02:27 torchtpu-vm sbkeysync[1126]:      from /usr/share/secureboot/updates/dbx/dbxupdate_x64.bin
Jul 25 15:02:27 torchtpu-vm sbkeysync[1126]:     c3a99a460da464a057c3586d83cef5f4ae08b7103979ed8932742df0ed530c66
Jul 25 15:02:27 torchtpu-vm sbkeysync[1126]:      from /usr/share/secureboot/updates/dbx/dbxupdate_x64.bin
Jul 25 15:02:27 torchtpu-vm sbkeysync[1126]:     e6ca68e94146629af03f69c2f86e6bef62f930b37c6fbcc878b78df98c0334e5
Jul 25 15:02:27 torchtpu-vm sbkeysync[1126]:      from /usr/share/secureboot/updates/dbx/dbxupdate_x64.bin
Jul 25 15:02:27 torchtpu-vm sbkeysync[1126]:     1aec84b84b6c65a51220a9be7181965230210d62d6d33c48999c6b295a2b0a06
Jul 25 15:02:27 torchtpu-vm sbkeysync[1126]:      from /usr/share/secureboot/updates/dbx/dbxupdate_x64.bin
Jul 25 15:02:27 torchtpu-vm sbkeysync[1126]:     363384d14d1f2e0b7815626484c459ad57a318ef4396266048d058c5a19bbf76
Jul 25 15:02:27 torchtpu-vm sbkeysync[1126]:      from /usr/share/secureboot/updates/dbx/dbxupdate_x64.bin
Jul 25 15:02:27 torchtpu-vm sbkeysync[1126]:     c5d9d8a186e2c82d09afaa2a6f7f2e73870d3e64f72c4e08ef67796a840f0fbd
Jul 25 15:02:27 torchtpu-vm sbkeysync[1126]:      from /usr/share/secureboot/updates/dbx/dbxupdate_x64.bin
Jul 25 15:02:27 torchtpu-vm sbkeysync[1126]:     f52f83a3fa9cfbd6920f722824dbe4034534d25b8507246b3b957dac6e1bce7a
Jul 25 15:02:27 torchtpu-vm sbkeysync[1126]:      from /usr/share/secureboot/updates/dbx/dbxupdate_x64.bin
Jul 25 15:02:27 torchtpu-vm sbkeysync[1126]:     80b4d96931bf0d02fd91a61e19d14f1da452e66db2408ca8604d411f92659f0a
Jul 25 15:02:27 torchtpu-vm sbkeysync[1126]:      from /usr/share/secureboot/updates/dbx/dbxupdate_x64.bin
Jul 25 15:02:27 torchtpu-vm sbkeysync[1126]: New keys in filesystem:
Jul 25 15:02:27 torchtpu-vm python3[1080]: ["2026-07-25T15:02:27.599", "INFO", "ubuntupro.daemon", "main", 55, "daemon starting", {}]
Jul 25 15:02:27 torchtpu-vm systemd[1]: Configuration file /run/systemd/system/netplan-ovs-cleanup.service is marked world-inaccessible. This has no effect as configuration data is accessible via APIs without restrictions. Proceeding anyway.
Jul 25 15:02:27 torchtpu-vm systemd[1]: /lib/systemd/system/snapd.service:23: Unknown key name 'RestartMode' in section 'Service', ignoring.
Jul 25 15:02:27 torchtpu-vm systemd[1]: Started System Logging Service.
Jul 25 15:02:27 torchtpu-vm systemd[1]: pollinate.service: Deactivated successfully.
Jul 25 15:02:27 torchtpu-vm systemd[1]: Finished Pollinate to seed the pseudo random number generator.
Jul 25 15:02:27 torchtpu-vm systemd[1]: secureboot-db.service: Deactivated successfully.
Jul 25 15:02:27 torchtpu-vm systemd[1]: Finished Secure Boot updates for DB and DBX.
Jul 25 15:02:27 torchtpu-vm OSConfigAgent[1038]: 2026-07-25T15:02:27.7612Z OSConfigAgent Info: OSConfig Agent (version 20251028.00-0ubuntu2~22.04.0) started.
Jul 25 15:02:27 torchtpu-vm systemd[1]: Finished Google Cloud TPU - First boot setup.
Jul 25 15:02:27 torchtpu-vm systemd[1]: Started User Login Management.
Jul 25 15:02:27 torchtpu-vm systemd[1]: Reached target Preparation for Remote File Systems.
Jul 25 15:02:27 torchtpu-vm systemd[1]: Reached target Remote File Systems.
Jul 25 15:02:27 torchtpu-vm systemd[1]: Reached target System Time Synchronized.
Jul 25 15:02:27 torchtpu-vm systemd[1]: Started Daily apt download activities.
Jul 25 15:02:27 torchtpu-vm systemd[1]: Started Daily apt upgrade and clean activities.
Jul 25 15:02:27 torchtpu-vm OSConfigAgent[1038]: 2026-07-25T15:02:27.9686Z OSConfigAgent Info: Writing repo file /etc/apt/sources.list.d/google_osconfig_managed.list with updated contents
Jul 25 15:02:27 torchtpu-vm systemd[1]: Started Daily dpkg database backup timer.
Jul 25 15:02:28 torchtpu-vm systemd[1]: Started Periodic ext4 Online Metadata Check for All Filesystems.
Jul 25 15:02:28 torchtpu-vm systemd[1]: Started Discard unused blocks once a week.
Jul 25 15:02:28 torchtpu-vm systemd[1]: Started Daily rotation of log files.
Jul 25 15:02:28 torchtpu-vm systemd[1]: Started Daily man-db regeneration.
Jul 25 15:02:28 torchtpu-vm systemd[1]: Started Message of the Day.
Jul 25 15:02:28 torchtpu-vm systemd[1]: Condition check resulted in Timer to automatically fetch and run repair assertions being skipped.
Jul 25 15:02:28 torchtpu-vm systemd[1]: Started Check to see whether there is a new version of Ubuntu available.
Jul 25 15:02:28 torchtpu-vm systemd[1]: Reached target Timer Units.
Jul 25 15:02:28 torchtpu-vm systemd[1]: Starting LSB: automatic crash report generation...
Jul 25 15:02:28 torchtpu-vm systemd[1]: Started Regular background program processing daemon.
Jul 25 15:02:28 torchtpu-vm systemd[1]: Starting Google Compute Engine Guest Agent...
Jul 25 15:02:28 torchtpu-vm systemd[1]: Starting Google Cloud TPU - Host configuration...
Jul 25 15:02:28 torchtpu-vm systemd[1]: Starting GRUB failed boot detection...
Jul 25 15:02:28 torchtpu-vm systemd[1]: Starting Hostname Service...
         Starting [0;1;39mPermit User Sessions[0m...
Jul 25 15:02:28 torchtpu-vm systemd[1]: Starting Permit User Sessions...
Jul 25 15:02:28 torchtpu-vm google_guest_agent[1239]: GCE Agent Started (version 20250116.00-0ubuntu1~22.04.3)
[[0;32m  OK  [0m] Started [0;1;39mUnattended Upgrades Shutdown[0m.
Jul 25 15:02:28 torchtpu-vm systemd[1]: Started Unattended Upgrades Shutdown.
[[0;32m  OK  [0m] Finished [0;1;39mPermit User Sessions[0m.
Jul 25 15:02:28 torchtpu-vm systemd[1]: Finished Permit User Sessions.
         Starting [0;1;39mHold until boot process finishes up[0m...
Jul 25 15:02:28 torchtpu-vm systemd[1]: Starting Hold until boot process finishes up...
Jul 25 15:02:28 torchtpu-vm configure-networking.sh[1302]: ethtool (-G): unknown parameter 'tcp-data-split'
Jul 25 15:02:28 torchtpu-vm dbus-daemon[1033]: [system] Successfully activated service 'org.freedesktop.hostname1'
Jul 25 15:02:28 torchtpu-vm configure-networking.sh[1296]: Unable to enable max RX buffer size and TCP data split for ens5
Jul 25 15:02:28 torchtpu-vm dbus-daemon[1033]: [system] Activating via systemd: service name='org.freedesktop.PolicyKit1' unit='polkit.service' requested by ':1.8' (uid=0 pid=1255 comm="/lib/systemd/systemd-hostnamed " label="unconfined")
Jul 25 15:02:28 torchtpu-vm systemd[1]: Starting Terminate Plymouth Boot Screen...
         Starting [0;1;39mTerminate Plymouth Boot Screen[0m...
Jul 25 15:02:28 torchtpu-vm systemd[1]: grub-initrd-fallback.service: Deactivated successfully.
[[0;32m  OK  [0m] Finished [0;1;39mGRUB failed boot detection[0m.
Jul 25 15:02:28 torchtpu-vm systemd[1]: Finished GRUB failed boot detection.
[[0;32m  OK  [0m] Finished [0;1;39mHold until boot process finishes up[0m.
Jul 25 15:02:28 torchtpu-vm systemd[1]: Finished Hold until boot process finishes up.
[[0;32m  OK  [0m] Started [0;1;39mHostname Service[0m.
Jul 25 15:02:28 torchtpu-vm systemd[1]: Started Hostname Service.
         Starting [0;1;39mAuthorization Manager[0m...
Jul 25 15:02:28 torchtpu-vm spread-nic-irqs.sh[1307]: Updating interrupt cores for ens5
Jul 25 15:02:28 torchtpu-vm systemd[1]: Starting Authorization Manager...
Jul 25 15:02:28 torchtpu-vm apport[1235]:  * Starting automatic crash report generation: apport
[[0;32m  OK  [0m] Started [0;1;39mSerial Getty on ttyS0[0m.
Jul 25 15:02:28 torchtpu-vm systemd[1]: Started Serial Getty on ttyS0.
Jul 25 15:02:28 torchtpu-vm apport[1235]:    ...done.
         Starting [0;1;39mSet console scheme[0m...
Jul 25 15:02:28 torchtpu-vm systemd[1]: Starting Set console scheme...
Jul 25 15:02:28 torchtpu-vm systemd[1]: Started LSB: automatic crash report generation.
[[0;32m  OK  [0m] Started [0;1;39mLSB: automatic crash report generation[0m.
[[0;32m  OK  [0m] Finished [0;1;39mTerminate Plymouth Boot Screen[0m.
Jul 25 15:02:28 torchtpu-vm systemd[1]: Finished Terminate Plymouth Boot Screen.
Jul 25 15:02:28 torchtpu-vm systemd[1]: Finished Set console scheme.
[[0;32m  OK  [0m] Finished [0;1;39mSet console scheme[0m.
Jul 25 15:02:28 torchtpu-vm polkitd[1325]: started daemon version 0.105 using authority implementation `local' version `0.105'
Jul 25 15:02:28 torchtpu-vm dbus-daemon[1033]: [system] Successfully activated service 'org.freedesktop.PolicyKit1'
[[0;32m  OK  [0m] Started [0;1;39mAuthorization Manager[0m.
Jul 25 15:02:28 torchtpu-vm systemd[1]: Started Authorization Manager.
[[0;32m  OK  [0m] Created slice [0;1;39mSlice /system/getty[0m.
Jul 25 15:02:28 torchtpu-vm systemd[1]: Created slice Slice /system/getty.
[[0;32m  OK  [0m] Started [0;1;39mGetty on tty1[0m.
Jul 25 15:02:28 torchtpu-vm systemd[1]: Started Getty on tty1.
Jul 25 15:02:28 torchtpu-vm systemd[1]: Reached target Login Prompts.
[[0;32m  OK  [0m] Reached target [0;1;39mLogin Prompts[0m.
Jul 25 15:02:28 torchtpu-vm spread-nic-irqs.sh[1307]: ens5 cores:
Jul 25 15:02:28 torchtpu-vm spread-nic-irqs.sh[1307]: queue 0
Jul 25 15:02:28 torchtpu-vm spread-nic-irqs.sh[1391]: 0
Jul 25 15:02:28 torchtpu-vm spread-nic-irqs.sh[1393]: 0
Jul 25 15:02:28 torchtpu-vm spread-nic-irqs.sh[1307]: queue 1
Jul 25 15:02:28 torchtpu-vm spread-nic-irqs.sh[1395]: 1
Jul 25 15:02:28 torchtpu-vm systemd-hostnamed[1255]: Hostname set to <torchtpu-vm> (static)
Jul 25 15:02:28 torchtpu-vm spread-nic-irqs.sh[1397]: 1
Jul 25 15:02:28 torchtpu-vm spread-nic-irqs.sh[1307]: queue 2
Jul 25 15:02:28 torchtpu-vm spread-nic-irqs.sh[1399]: 2
Jul 25 15:02:28 torchtpu-vm spread-nic-irqs.sh[1401]: 2
Jul 25 15:02:28 torchtpu-vm spread-nic-irqs.sh[1307]: queue 3
Jul 25 15:02:28 torchtpu-vm spread-nic-irqs.sh[1402]: 3
Jul 25 15:02:28 torchtpu-vm spread-nic-irqs.sh[1404]: 3
Jul 25 15:02:28 torchtpu-vm spread-nic-irqs.sh[1307]: queue 4
Jul 25 15:02:28 torchtpu-vm spread-nic-irqs.sh[1406]: 4
Jul 25 15:02:28 torchtpu-vm spread-nic-irqs.sh[1407]: 4
Jul 25 15:02:28 torchtpu-vm spread-nic-irqs.sh[1307]: queue 5
Jul 25 15:02:28 torchtpu-vm spread-nic-irqs.sh[1409]: 5
Jul 25 15:02:28 torchtpu-vm spread-nic-irqs.sh[1411]: 5
Jul 25 15:02:28 torchtpu-vm spread-nic-irqs.sh[1307]: queue 6
Jul 25 15:02:28 torchtpu-vm spread-nic-irqs.sh[1413]: 6
Jul 25 15:02:28 torchtpu-vm spread-nic-irqs.sh[1415]: 6
Jul 25 15:02:28 torchtpu-vm spread-nic-irqs.sh[1307]: queue 7
Jul 25 15:02:28 torchtpu-vm spread-nic-irqs.sh[1417]: 7
Jul 25 15:02:28 torchtpu-vm spread-nic-irqs.sh[1419]: 7
Jul 25 15:02:28 torchtpu-vm spread-nic-irqs.sh[1307]: queue 8
Jul 25 15:02:28 torchtpu-vm spread-nic-irqs.sh[1421]: 8
Jul 25 15:02:28 torchtpu-vm spread-nic-irqs.sh[1423]: 8
Jul 25 15:02:28 torchtpu-vm spread-nic-irqs.sh[1307]: queue 9
Jul 25 15:02:28 torchtpu-vm spread-nic-irqs.sh[1427]: 9
Jul 25 15:02:28 torchtpu-vm spread-nic-irqs.sh[1428]: 9
Jul 25 15:02:28 torchtpu-vm spread-nic-irqs.sh[1307]: queue 10
Jul 25 15:02:28 torchtpu-vm spread-nic-irqs.sh[1433]: 10
Jul 25 15:02:28 torchtpu-vm spread-nic-irqs.sh[1435]: 10
Jul 25 15:02:28 torchtpu-vm spread-nic-irqs.sh[1307]: queue 11
Jul 25 15:02:28 torchtpu-vm spread-nic-irqs.sh[1438]: 11
Jul 25 15:02:28 torchtpu-vm spread-nic-irqs.sh[1439]: 11
Jul 25 15:02:28 torchtpu-vm spread-nic-irqs.sh[1307]: queue 12
Jul 25 15:02:28 torchtpu-vm spread-nic-irqs.sh[1443]: 12
Jul 25 15:02:28 torchtpu-vm spread-nic-irqs.sh[1444]: 12
Jul 25 15:02:28 torchtpu-vm spread-nic-irqs.sh[1307]: queue 13
Jul 25 15:02:28 torchtpu-vm spread-nic-irqs.sh[1447]: 13
Jul 25 15:02:28 torchtpu-vm spread-nic-irqs.sh[1449]: 13
Jul 25 15:02:28 torchtpu-vm spread-nic-irqs.sh[1307]: queue 14
Jul 25 15:02:28 torchtpu-vm spread-nic-irqs.sh[1452]: 14
Jul 25 15:02:28 torchtpu-vm spread-nic-irqs.sh[1455]: 14
Jul 25 15:02:28 torchtpu-vm spread-nic-irqs.sh[1307]: queue 15
Jul 25 15:02:28 torchtpu-vm spread-nic-irqs.sh[1459]: 15
Jul 25 15:02:28 torchtpu-vm spread-nic-irqs.sh[1462]: 15
Jul 25 15:02:28 torchtpu-vm spread-nic-irqs.sh[1307]: Updating interrupt cores for lo
[[0;32m  OK  [0m] Finished [0;1;39mGoogle Cloud TPU - Host configuration[0m.
Jul 25 15:02:28 torchtpu-vm systemd[1]: Finished Google Cloud TPU - Host configuration.
Jul 25 15:02:28 torchtpu-vm google_guest_agent[1239]: Detecting network manager...
Jul 25 15:02:28 torchtpu-vm google_guest_agent[1239]: rolling back regular ethernet changes for netplan
Jul 25 15:02:28 torchtpu-vm google_guest_agent[1239]: Failed to rollback primary nic (left over) config for NetworkManager: error reloading NetworkManager config cache: exec: "nmcli": executable file not found in $PATH
Jul 25 15:02:28 torchtpu-vm google_guest_agent[1239]: rolling back changes for systemd-networkd
Jul 25 15:02:28 torchtpu-vm google_guest_agent[1239]: Rolling back wicked
Jul 25 15:02:28 torchtpu-vm google_guest_agent[1239]: Rolling back NetworkManager
Jul 25 15:02:28 torchtpu-vm google_guest_agent[1239]: Unable to roll back config for NetworkManager: error reloading NetworkManager config cache: exec: "nmcli": executable file not found in $PATH
Jul 25 15:02:28 torchtpu-vm google_guest_agent[1239]: Rolling back systemd-networkd
Jul 25 15:02:28 torchtpu-vm google_guest_agent[1239]: rolling back changes for systemd-networkd
Jul 25 15:02:28 torchtpu-vm google_guest_agent[1239]: Rolling back dhclient
Jul 25 15:02:28 torchtpu-vm google_guest_agent[1239]: No dhclient process found for any of the known ethernet interfaces, skipping vlan rollback.
Jul 25 15:02:28 torchtpu-vm google_guest_agent[1239]: Setting up netplan
Jul 25 15:02:28 torchtpu-vm google_guest_agent[1239]: No NICs to configure, skipping writeNetplanEthernetDropin
Jul 25 15:02:28 torchtpu-vm google_guest_agent[1239]: Finished setting up netplan
Jul 25 15:02:28 torchtpu-vm google_guest_agent[1239]: Completed adding/removing routes for aliases, forwarded IP and target-instance IPs
Jul 25 15:02:28 torchtpu-vm google_guest_agent[1239]: Instance ID changed, running first-boot actions
Jul 25 15:02:28 torchtpu-vm google_guest_agent[1239]: Initializing MDS mTLS bootstrapping handler
Jul 25 15:02:28 torchtpu-vm google_guest_agent[1239]: Starting the scheduler to run jobs
Jul 25 15:02:28 torchtpu-vm google_guest_agent[1239]: Scheduler - start: []
Jul 25 15:02:28 torchtpu-vm google_guest_agent[1239]: Subscribing to mdsSchedulerHandler to listen metadata-watcher,longpoll
[[0;32m  OK  [0m] Started [0;1;39mGoogle Compute Engine Guest Agent[0m.
Jul 25 15:02:28 torchtpu-vm systemd[1]: Started Google Compute Engine Guest Agent.
Jul 25 15:02:28 torchtpu-vm google_guest_agent[1239]: Starting the scheduler to run jobs
Jul 25 15:02:28 torchtpu-vm google_guest_agent[1239]: Scheduling job: telemetryJobID
Jul 25 15:02:28 torchtpu-vm google_guest_agent[1239]: Scheduling job "telemetryJobID" to run at 24.000000 hr interval
Jul 25 15:02:28 torchtpu-vm google_guest_agent[1239]: Successfully scheduled job telemetryJobID
Jul 25 15:02:28 torchtpu-vm google_guest_agent[1239]: Invoking job "telemetryJobID"
Jul 25 15:02:28 torchtpu-vm google_guest_agent[1239]: Scheduler - added: [now 2026-07-25 15:02:28.815586611 +0000 UTC entry 1 next 2026-07-26 15:02:28 +0000 UTC]
         Starting [0;1;39mOpenBSD Secure Shell server[0m...
Jul 25 15:02:28 torchtpu-vm systemd[1]: Starting OpenBSD Secure Shell server...
Jul 25 15:02:28 torchtpu-vm google_guest_agent[1239]: Completed adding/removing routes for aliases, forwarded IP and target-instance IPs
Jul 25 15:02:28 torchtpu-vm google_guest_agent[1239]: Created google sudoers file
Jul 25 15:02:28 torchtpu-vm google_guest_agent[1239]: ERROR non_windows_accounts.go:219 invalid ssh key entry - expired key: xbill:ecdsa-sha2-nistp256 AAAAE2VjZHNhLXNoYTItbmlzdHAyNTYAAAAIbmlzdHAyNTYAAABBBL9G5PmiXF5P52ffZD/3fQ0/Xjo79Mozt/k5OU/wQFAZ4+Af1caztSMa4KgLUmET8mOkPiTrA6mUwkergqZw4aU= google-ssh {"userName":"xbill@glitnir.com","expireOn":"2017-11-08T20:44:51+0000"}
Jul 25 15:02:28 torchtpu-vm google_guest_agent[1239]: ERROR non_windows_accounts.go:219 invalid ssh key entry - expired key: xbill:ssh-rsa AAAAB3NzaC1yc2EAAAADAQABAAABAFgrL1Z6IeCLpQQwNiLEUv6lLcr+aU95QLb/IMnsjoKu+Zqkw5vqSw1DFmERBk+cyo9gu4kd770PhFHLxN0uVVIQs6gd5u1Y1Xzexu9NZG5bq5q5zOhbFvNNSRgg5TVJfn3Dc9DPMdNO8KG6tMFEaKVJs8jMRrhHxUPOLyYwQyO6vjVmaVhHIAtnA8FcySTcQg61KukQPHwsdAx5/McDaG9cgq5dbO73OxoLd0gV6V97l4xMtT5iXM/8dQgcdw06u4bwIp+63XtVvae8ZxbOZjaGOWHiMPKA/OaIjr6+GaDXU2MbFzBoa8urhlzVFQJyRyniUzXwOPnv1xBmao3ZVUU= google-ssh {"userName":"xbill@glitnir.com","expireOn":"2017-11-08T20:44:50+0000"}
Jul 25 15:02:28 torchtpu-vm google_guest_agent[1239]: ERROR non_windows_accounts.go:219 invalid ssh key entry - expired key: xbill:ecdsa-sha2-nistp256 AAAAE2VjZHNhLXNoYTItbmlzdHAyNTYAAAAIbmlzdHAyNTYAAABBBL9G5PmiXF5P52ffZD/3fQ0/Xjo79Mozt/k5OU/wQFAZ4+Af1caztSMa4KgLUmET8mOkPiTrA6mUwkergqZw4aU= google-ssh {"userName":"xbill@glitnir.com","expireOn":"2017-11-08T20:44:35+0000"}
Jul 25 15:02:28 torchtpu-vm google_guest_agent[1239]: ERROR non_windows_accounts.go:219 invalid ssh key entry - expired key: xbill:ssh-rsa AAAAB3NzaC1yc2EAAAADAQABAAABAFgrL1Z6IeCLpQQwNiLEUv6lLcr+aU95QLb/IMnsjoKu+Zqkw5vqSw1DFmERBk+cyo9gu4kd770PhFHLxN0uVVIQs6gd5u1Y1Xzexu9NZG5bq5q5zOhbFvNNSRgg5TVJfn3Dc9DPMdNO8KG6tMFEaKVJs8jMRrhHxUPOLyYwQyO6vjVmaVhHIAtnA8FcySTcQg61KukQPHwsdAx5/McDaG9cgq5dbO73OxoLd0gV6V97l4xMtT5iXM/8dQgcdw06u4bwIp+63XtVvae8ZxbOZjaGOWHiMPKA/OaIjr6+GaDXU2MbFzBoa8urhlzVFQJyRyniUzXwOPnv1xBmao3ZVUU= google-ssh {"userName":"xbill@glitnir.com","expireOn":"2017-11-08T20:44:34+0000"}
Jul 25 15:02:28 torchtpu-vm google_guest_agent[1239]: Creating user xbill.
         Stopping [0;1;39mUser Login Management[0m...
Jul 25 15:02:28 torchtpu-vm systemd[1]: Stopping User Login Management...
Jul 25 15:02:28 torchtpu-vm snapd[1078]: seclog.go:174: security logger enabled
[[0;32m  OK  [0m] Started [0;1;39mOpenBSD Secure Shell server[0m.
Jul 25 15:02:28 torchtpu-vm systemd[1]: Started OpenBSD Secure Shell server.
Jul 25 15:02:28 torchtpu-vm systemd[1]: systemd-logind.service: Deactivated successfully.
[[0;32m  OK  [0m] Stopped [0;1;39mUser Login Management[0m.
Jul 25 15:02:28 torchtpu-vm systemd[1]: Stopped User Login Management.
         Starting [0;1;39mLoad Kernel Module drm[0m...
Jul 25 15:02:28 torchtpu-vm systemd[1]: Starting Load Kernel Module drm...
Jul 25 15:02:28 torchtpu-vm systemd[1]: modprobe@drm.service: Deactivated successfully.
[[0;32m  OK  [0m] Finished [0;1;39mLoad Kernel Module drm[0m.
Jul 25 15:02:28 torchtpu-vm systemd[1]: Finished Load Kernel Module drm.
         Starting [0;1;39mUser Login Management[0m...
Jul 25 15:02:28 torchtpu-vm systemd[1]: Starting User Login Management...
Jul 25 15:02:28 torchtpu-vm snapd[1078]: overlord.go:313: Acquiring state lock file
Jul 25 15:02:28 torchtpu-vm snapd[1078]: overlord.go:318: Acquired state lock file
Jul 25 15:02:28 torchtpu-vm snapd[1078]: patch.go:64: Patching system state level 6 to sublevel 1...
[[0;32m  OK  [0m] Started [0;1;39mUser Login Management[0m.
Jul 25 15:02:28 torchtpu-vm systemd[1]: Started User Login Management.
Jul 25 15:02:28 torchtpu-vm snapd[1078]: patch.go:64: Patching system state level 6 to sublevel 2...
Jul 25 15:02:28 torchtpu-vm snapd[1078]: patch.go:64: Patching system state level 6 to sublevel 3...
         Stopping [0;1;39mRegular background program processing daemon[0m...
Jul 25 15:02:28 torchtpu-vm systemd[1]: Stopping Regular background program processing daemon...
Jul 25 15:02:28 torchtpu-vm systemd[1]: cron.service: Deactivated successfully.
[[0;32m  OK  [0m] Stopped [0;1;39mRegular background program processing daemon[0m.
Jul 25 15:02:28 torchtpu-vm systemd[1]: Stopped Regular background program processing daemon.
[[0;32m  OK  [0m] Started [0;1;39mRegular background program processing daemon[0m.
Jul 25 15:02:28 torchtpu-vm systemd[1]: Started Regular background program processing daemon.
Jul 25 15:02:28 torchtpu-vm snapd[1078]: daemon.go:277: started snapd/2.76.1 (series 16; classic) ubuntu/22.04 (amd64) linux/6.8.0-1064-gcp.
Jul 25 15:02:28 torchtpu-vm kernel: [    9.649088] loop7: detected capacity change from 0 to 8
Jul 25 15:02:28 torchtpu-vm systemd[1]: Reloading OpenBSD Secure Shell server...
Jul 25 15:02:28 torchtpu-vm systemd[1]: tmp-syscheck\x2dmountpoint\x2d4030756645.mount: Deactivated successfully.
Jul 25 15:02:28 torchtpu-vm systemd[1]: Reloaded OpenBSD Secure Shell server.
Jul 25 15:02:28 torchtpu-vm snapd[1078]: daemon.go:371: adjusting startup timeout by 1m5s (pessimistic estimate of 30s plus 5s per snap)
Jul 25 15:02:29 torchtpu-vm snapd[1078]: backends.go:70: AppArmor status: apparmor is enabled and all features are available (using snapd provided apparmor_parser)
Jul 25 15:02:29 torchtpu-vm google_guest_agent[1239]: Updating keys for user xbill.
Jul 25 15:02:29 torchtpu-vm google_guest_agent[1239]: Creating user mysql.
Jul 25 15:02:29 torchtpu-vm snapd[1078]: backend.go:141: delegating reload of snap-confine profiles to system snap security profiles setup
Jul 25 15:02:29 torchtpu-vm snapd[1078]: standby.go:95: will consider standby after: 5s
[[0;32m  OK  [0m] Started [0;1;39mSnap Daemon[0m.
Jul 25 15:02:29 torchtpu-vm systemd[1]: Started Snap Daemon.
Jul 25 15:02:29 torchtpu-vm google_guest_agent[1239]: Updating keys for user mysql.
Jul 25 15:02:29 torchtpu-vm google_guest_agent[1239]: Creating user xbill_glitnir_com.
         Starting [0;1;39mGoogle Compute Engine Shutdown Scripts[0m...
Jul 25 15:02:29 torchtpu-vm systemd[1]: Starting Google Compute Engine Shutdown Scripts...
[[0;32m  OK  [0m] Finished [0;1;39mGoogle Compute Engine Shutdown Scripts[0m.
Jul 25 15:02:29 torchtpu-vm systemd[1]: Finished Google Compute Engine Shutdown Scripts.
Jul 25 15:02:29 torchtpu-vm snapd[1078]: autorepair.go:177: WARNING: the system booted with an old initrd without unlocked status reporting
Jul 25 15:02:29 torchtpu-vm google_guest_agent[1239]: Updating keys for user xbill_glitnir_com.
Jul 25 15:02:29 torchtpu-vm google_guest_agent[1239]: Creating user dev.
Jul 25 15:02:29 torchtpu-vm google_guest_agent[1239]: Updating keys for user dev.
Jul 25 15:02:29 torchtpu-vm google_guest_agent[1239]: Adding existing user root to google-sudoers group.
[[0;32m  OK  [0m] Started [0;1;39msnap.lxd.hook.inst…-4575-a557-317f5290220c.scope[0m.
Jul 25 15:02:29 torchtpu-vm systemd[1]: Started snap.lxd.hook.install-9f2a793d-9b39-4575-a557-317f5290220c.scope.
Jul 25 15:02:29 torchtpu-vm google_guest_agent[1239]: Updating keys for user root.
Jul 25 15:02:29 torchtpu-vm google_guest_agent[1239]: Creating user apache.
Jul 25 15:02:29 torchtpu-vm google_guest_agent[1239]: Updating keys for user apache.
Jul 25 15:02:29 torchtpu-vm systemd[1]: tmp-snap\x2dprivate\x2dtmp-snap.rootfs_AQAO7b.mount: Deactivated successfully.
Jul 25 15:02:30 torchtpu-vm systemd[1]: snap.lxd.hook.install-9f2a793d-9b39-4575-a557-317f5290220c.scope: Deactivated successfully.
Jul 25 15:02:30 torchtpu-vm systemd[1]: Reloading.
Jul 25 15:02:30 torchtpu-vm systemd[1]: Configuration file /run/systemd/system/netplan-ovs-cleanup.service is marked world-inaccessible. This has no effect as configuration data is accessible via APIs without restrictions. Proceeding anyway.
Jul 25 15:02:30 torchtpu-vm systemd[1]: /lib/systemd/system/snapd.service:23: Unknown key name 'RestartMode' in section 'Service', ignoring.
[[0;32m  OK  [0m] Listening on [0;1;39mSocket unix for snap application lxd.daemon[0m.
Jul 25 15:02:30 torchtpu-vm systemd[1]: Listening on Socket unix for snap application lxd.daemon.
[[0;32m  OK  [0m] Listening on [0;1;39mSocket unix f…p application lxd.user-daemon[0m.
Jul 25 15:02:30 torchtpu-vm systemd[1]: Listening on Socket unix for snap application lxd.user-daemon.
         Starting [0;1;39mService for snap application lxd.activate[0m...
Jul 25 15:02:30 torchtpu-vm systemd[1]: Starting Service for snap application lxd.activate...
Jul 25 15:02:30 torchtpu-vm lxd.activate[2255]: => Starting LXD activation
Jul 25 15:02:30 torchtpu-vm lxd.activate[2255]: ==> Creating missing snap configuration
Jul 25 15:02:30 torchtpu-vm google_guest_agent[1239]: Getting current interface state and routes
Jul 25 15:02:30 torchtpu-vm google_guest_agent[1239]: Interface(lo), State: {Index:1 MTU:65536 Name:lo HardwareAddr: Flags:up|loopback|running}, Addresses: [127.0.0.1/8 ::1/128]
Jul 25 15:02:30 torchtpu-vm google_guest_agent[1239]: Interface(ens5), State: {Index:2 MTU:1460 Name:ens5 HardwareAddr:42:01:0a:f0:00:36 Flags:up|broadcast|multicast|running}, Addresses: [10.240.0.54/32 fe80::4001:aff:fef0:36/64]
Jul 25 15:02:30 torchtpu-vm google_guest_agent[1239]: Currently present IP routes:
Jul 25 15:02:30 torchtpu-vm google_guest_agent[1239]:  default via 10.240.0.1 dev ens5 proto dhcp src 10.240.0.54 metric 100
Jul 25 15:02:30 torchtpu-vm google_guest_agent[1239]: 10.240.0.1 dev ens5 proto dhcp scope link src 10.240.0.54 metric 100
Jul 25 15:02:30 torchtpu-vm google_guest_agent[1239]: 169.254.169.254 via 10.240.0.1 dev ens5 proto dhcp src 10.240.0.54 metric 100
Jul 25 15:02:30 torchtpu-vm lxd.activate[2255]: ==> Loading snap configuration
Jul 25 15:02:30 torchtpu-vm lxd.activate[2255]: ==> Checking for socket activation support
Jul 25 15:02:30 torchtpu-vm lxd.activate[2255]: ==> Creating "lxd" user
Jul 25 15:02:30 torchtpu-vm lxd.activate[2255]: ==> Setting LXD socket ownership
Jul 25 15:02:31 torchtpu-vm lxd.activate[2255]: ==> Setting LXD user socket ownership
Jul 25 15:02:31 torchtpu-vm lxd.activate[2255]: ==> LXD never started on this system, no need to start it now
Jul 25 15:02:31 torchtpu-vm systemd[1]: snap.lxd.activate.service: Deactivated successfully.
[[0;32m  OK  [0m] Finished [0;1;39mService for snap application lxd.activate[0m.
Jul 25 15:02:31 torchtpu-vm systemd[1]: Finished Service for snap application lxd.activate.
[[0;32m  OK  [0m] Started [0;1;39msnap.lxd.hook.conf…-4ded-a839-2d52b6e604c5.scope[0m.
Jul 25 15:02:31 torchtpu-vm systemd[1]: Started snap.lxd.hook.configure-79fb12dc-0c45-4ded-a839-2d52b6e604c5.scope.
Jul 25 15:02:31 torchtpu-vm systemd[1]: snap.lxd.hook.configure-79fb12dc-0c45-4ded-a839-2d52b6e604c5.scope: Deactivated successfully.
Jul 25 15:02:31 torchtpu-vm systemd[1]: Reloading.
Jul 25 15:02:31 torchtpu-vm systemd[1]: Configuration file /run/systemd/system/netplan-ovs-cleanup.service is marked world-inaccessible. This has no effect as configuration data is accessible via APIs without restrictions. Proceeding anyway.
Jul 25 15:02:31 torchtpu-vm systemd[1]: /lib/systemd/system/snapd.service:23: Unknown key name 'RestartMode' in section 'Service', ignoring.
[[0;32m  OK  [0m] Started [0;1;39mService for snap a…controlagent.vbarcontrolagent[0m.
Jul 25 15:02:31 torchtpu-vm systemd[1]: Started Service for snap application vbarcontrolagent.vbarcontrolagent.
Jul 25 15:02:31 torchtpu-vm systemd[1]: Reloading.
Jul 25 15:02:31 torchtpu-vm systemd[1]: Configuration file /run/systemd/system/netplan-ovs-cleanup.service is marked world-inaccessible. This has no effect as configuration data is accessible via APIs without restrictions. Proceeding anyway.
Jul 25 15:02:31 torchtpu-vm systemd[1]: /lib/systemd/system/snapd.service:23: Unknown key name 'RestartMode' in section 'Service', ignoring.
[[0;32m  OK  [0m] Started [0;1;39mService for snap a…lector.ai-telemetry-collector[0m.
Jul 25 15:02:31 torchtpu-vm systemd[1]: Started Service for snap application ai-telemetry-collector.ai-telemetry-collector.
[[0;32m  OK  [0m] Started [0;1;39msnap.ai-telemetry-…-46c8-b084-8d5fa93ecd80.scope[0m.
Jul 25 15:02:31 torchtpu-vm systemd[1]: Started snap.ai-telemetry-collector.hook.configure-e3095d84-9b9f-46c8-b084-8d5fa93ecd80.scope.
Jul 25 15:02:31 torchtpu-vm systemd[1]: snap.ai-telemetry-collector.hook.configure-e3095d84-9b9f-46c8-b084-8d5fa93ecd80.scope: Deactivated successfully.
Jul 25 15:02:31 torchtpu-vm ai-telemetry-collector.ai-telemetry-collector[2818]: Starting collector with primary config: /snap/ai-telemetry-collector/1/etc/default-config-gce.yaml
         Stopping [0;1;39mService for snap …ctor.ai-telemetry-collector[0m...
Jul 25 15:02:32 torchtpu-vm systemd[1]: Stopping Service for snap application ai-telemetry-collector.ai-telemetry-collector...
Jul 25 15:02:32 torchtpu-vm systemd[1]: snap.ai-telemetry-collector.ai-telemetry-collector.service: Deactivated successfully.
[[0;32m  OK  [0m] Stopped [0;1;39mService for snap a…lector.ai-telemetry-collector[0m.
Jul 25 15:02:32 torchtpu-vm systemd[1]: Stopped Service for snap application ai-telemetry-collector.ai-telemetry-collector.
[[0;32m  OK  [0m] Started [0;1;39mService for snap a…lector.ai-telemetry-collector[0m.
Jul 25 15:02:32 torchtpu-vm systemd[1]: Started Service for snap application ai-telemetry-collector.ai-telemetry-collector.
Jul 25 15:02:32 torchtpu-vm dbus-daemon[1033]: [system] Activating via systemd: service name='org.freedesktop.timedate1' unit='dbus-org.freedesktop.timedate1.service' requested by ':1.15' (uid=0 pid=1078 comm="/snap/snapd/current/usr/lib/snapd/snapd " label="unconfined")
         Starting [0;1;39mTime & Date Service[0m...
Jul 25 15:02:32 torchtpu-vm systemd[1]: Starting Time & Date Service...
[[0;32m  OK  [0m] Started [0;1;39mTime & Date Service[0m.
Jul 25 15:02:32 torchtpu-vm dbus-daemon[1033]: [system] Successfully activated service 'org.freedesktop.timedate1'
Jul 25 15:02:32 torchtpu-vm systemd[1]: Started Time & Date Service.
Jul 25 15:02:32 torchtpu-vm ai-telemetry-collector.ai-telemetry-collector[2896]: Starting collector with primary config: /snap/ai-telemetry-collector/1/etc/default-config-gce.yaml
Jul 25 15:02:32 torchtpu-vm kernel: [   13.041883] fbcon: Taking over console
Jul 25 15:02:32 torchtpu-vm systemd[1]: dmesg.service: Deactivated successfully.
Jul 25 15:02:32 torchtpu-vm snapd[1078]: snapmgr.go:1675: performing periodic snap downloads cache cleanup
Jul 25 15:02:32 torchtpu-vm snapd[1078]: snapmgr.go:1685: cannot clean store downloads cache: open /var/lib/snapd/cache: no such file or directory
Jul 25 15:02:32 torchtpu-vm snapd[1078]: certmgr.go:84: No CA certificate database found, generating it now
Jul 25 15:02:32 torchtpu-vm systemd[1]: Finished Wait until snapd is fully seeded.
Jul 25 15:02:32 torchtpu-vm systemd[1]: Starting Cloud-init: Config Stage...
Jul 25 15:02:32 torchtpu-vm systemd[1]: Condition check resulted in Auto import assertions from block devices being skipped.
Jul 25 15:02:32 torchtpu-vm systemd[1]: Reached target Multi-User System.
Jul 25 15:02:32 torchtpu-vm systemd[1]: Reached target Graphical Interface.
Jul 25 15:02:32 torchtpu-vm systemd[1]: Starting Record Runlevel Change in UTMP...
Jul 25 15:02:32 torchtpu-vm systemd[1]: systemd-update-utmp-runlevel.service: Deactivated successfully.
Jul 25 15:02:32 torchtpu-vm systemd[1]: Finished Record Runlevel Change in UTMP.
Jul 25 15:02:32 torchtpu-vm vbarcontrolagent.vbarcontrolagent[2752]: I0725 15:02:32.892865    2752 init_google.cc:746] Linux version 6.8.0-1064-gcp (buildd@lcy02-amd64-112) (x86_64-linux-gnu-gcc-12 (Ubuntu 12.3.0-1ubuntu1~22.04.3) 12.3.0, GNU ld (GNU Binutils for Ubuntu) 2.38) #72~22.04.1-Ubuntu SMP Sat Jul 11 00:27:00 UTC 2026
Jul 25 15:02:32 torchtpu-vm vbarcontrolagent.vbarcontrolagent[2752]: I0725 15:02:32.892948    2752 init_google.cc:828] Process id 2752
Jul 25 15:02:32 torchtpu-vm vbarcontrolagent.vbarcontrolagent[2752]: I0725 15:02:32.892970    2752 init_google.cc:833] Current working directory /var/snap/vbarcontrolagent/1
Jul 25 15:02:32 torchtpu-vm vbarcontrolagent.vbarcontrolagent[2752]: I0725 15:02:32.892974    2752 init_google.cc:835] Current timezone is UTC (currently UTC +00:00)
Jul 25 15:02:32 torchtpu-vm vbarcontrolagent.vbarcontrolagent[2752]: I0725 15:02:32.892981    2752 init_google.cc:839] Built on Jan 15 2026 15:32:18 (1768519938)
Jul 25 15:02:32 torchtpu-vm vbarcontrolagent.vbarcontrolagent[2752]: I0725 15:02:32.892986    2752 init_google.cc:840]  at justinduan@ugcoo4.prod.google.com:/google/src/cloud/buildrabbit-username/buildrabbit-client/google3
Jul 25 15:02:32 torchtpu-vm vbarcontrolagent.vbarcontrolagent[2752]: I0725 15:02:32.892991    2752 init_google.cc:841]  as //learning/brain/tfrc/tpunetd/bin:vbar_control_agent
Jul 25 15:02:32 torchtpu-vm vbarcontrolagent.vbarcontrolagent[2752]: I0725 15:02:32.893002    2752 init_google.cc:842]  for gcc-4.X.Y-crosstool-v18-llvm-grtev4-k8.k8
Jul 25 15:02:32 torchtpu-vm vbarcontrolagent.vbarcontrolagent[2752]: I0725 15:02:32.893006    2752 init_google.cc:845]  from changelist 856846423 with baseline 856846423 in a modified client based on //depot/google3 in CitC workspace unknown at snapshot 3
Jul 25 15:02:32 torchtpu-vm vbarcontrolagent.vbarcontrolagent[2752]: I0725 15:02:32.893011    2752 init_google.cc:851] Build tool: Blaze, release blaze-2026.01.12-1 (mainline @854974118)
Jul 25 15:02:32 torchtpu-vm vbarcontrolagent.vbarcontrolagent[2752]: I0725 15:02:32.893015    2752 init_google.cc:852] Build target: blaze-out/k8-fastbuild/bin/learning/brain/tfrc/tpunetd/bin/vbar_control_agent
Jul 25 15:02:32 torchtpu-vm vbarcontrolagent.vbarcontrolagent[2752]: W0725 15:02:32.893020    2752 init_google.cc:855] DEBUG BINARY -- Performance may suffer
Jul 25 15:02:32 torchtpu-vm vbarcontrolagent.vbarcontrolagent[2752]: I0725 15:02:32.893024    2752 init_google.cc:859] Command line arguments:
Jul 25 15:02:32 torchtpu-vm vbarcontrolagent.vbarcontrolagent[2752]: I0725 15:02:32.893028    2752 init_google.cc:861] argv[0]: '/snap/vbarcontrolagent/1/vbar_control_agent'
Jul 25 15:02:32 torchtpu-vm vbarcontrolagent.vbarcontrolagent[2752]: I0725 15:02:32.893077    2752 init_google.cc:861] argv[1]: '--logtostderr'
Jul 25 15:02:32 torchtpu-vm vbarcontrolagent.vbarcontrolagent[2752]: I0725 15:02:32.893082    2752 init_google.cc:861] argv[2]: '--gid='
Jul 25 15:02:32 torchtpu-vm vbarcontrolagent.vbarcontrolagent[2752]: I0725 15:02:32.893087    2752 init_google.cc:861] argv[3]: '--uid='
Jul 25 15:02:32 torchtpu-vm vbarcontrolagent.vbarcontrolagent[2752]: I0725 15:02:32.893091    2752 init_google.cc:861] argv[4]: '--chroot='
Jul 25 15:02:32 torchtpu-vm vbarcontrolagent.vbarcontrolagent[2752]: I0725 15:02:32.893096    2752 init_google.cc:861] argv[5]: '--census_enabled=false'
Jul 25 15:02:32 torchtpu-vm vbarcontrolagent.vbarcontrolagent[2752]: I0725 15:02:32.893100    2752 init_google.cc:861] argv[6]: '--loas_pwd_fallback_in_corp'
Jul 25 15:02:32 torchtpu-vm vbarcontrolagent.vbarcontrolagent[2752]: I0725 15:02:32.893299    2752 init.cc:78] Remote crash gathering hook installed.
Jul 25 15:02:32 torchtpu-vm vbarcontrolagent.vbarcontrolagent[2752]: I0725 15:02:32.904160    2752 profilez_handler.cc:59] /censusprofilez handler registered
Jul 25 15:02:32 torchtpu-vm vbarcontrolagent.vbarcontrolagent[2752]: I0725 15:02:32.904174    2752 census-init.cc:452] Disabling Census
Jul 25 15:02:32 torchtpu-vm vbarcontrolagent.vbarcontrolagent[2752]: I0725 15:02:32.908008    2752 init_experiments.cc:49] Stubby experiments status: monitoring_experiment: enabled, test_stubby_experiment_debug_wave_and_step: enabled, test_stubby_experiment_default_false: enabled
Jul 25 15:02:32 torchtpu-vm vbarcontrolagent.vbarcontrolagent[2752]: W0725 15:02:32.908696    2752 rpc-stats.cc:2933] /rpc/server/response_latencies metric requested, but Census view failed to add FAILED_PRECONDITION: Census is not enabled.
Jul 25 15:02:32 torchtpu-vm vbarcontrolagent.vbarcontrolagent[2752]: === Source Location Trace: ===
Jul 25 15:02:32 torchtpu-vm vbarcontrolagent.vbarcontrolagent[2752]: stats/census/store/view-manager.cc:548
Jul 25 15:02:32 torchtpu-vm vbarcontrolagent.vbarcontrolagent[2752]: W0725 15:02:32.908893    2752 interfacelookup.cc:203] No IP address found in /etc/hosts of host 'torchtpu-vm' with the following content:
Jul 25 15:02:32 torchtpu-vm vbarcontrolagent.vbarcontrolagent[2752]: 127.0.0.1 localhost
Jul 25 15:02:32 torchtpu-vm vbarcontrolagent.vbarcontrolagent[2752]: # The following lines are desirable for IPv6 capable hosts
Jul 25 15:02:32 torchtpu-vm vbarcontrolagent.vbarcontrolagent[2752]: ::1 ip6-localhost ip6-loopback
Jul 25 15:02:32 torchtpu-vm vbarcontrolagent.vbarcontrolagent[2752]: fe00::0 ip6-localnet
Jul 25 15:02:32 torchtpu-vm vbarcontrolagent.vbarcontrolagent[2752]: ff00::0 ip6-mcastprefix
Jul 25 15:02:32 torchtpu-vm vbarcontrolagent.vbarcontrolagent[2752]: ff02::1 ip6-allnodes
Jul 25 15:02:32 torchtpu-vm vbarcontrolagent.vbarcontrolagent[2752]: ff02::2 ip6-allrouters
Jul 25 15:02:32 torchtpu-vm vbarcontrolagent.vbarcontrolagent[2752]: ff02::3 ip6-allhosts
Jul 25 15:02:32 torchtpu-vm vbarcontrolagent.vbarcontrolagent[2752]: 169.254.169.254 metadata.google.internal metadata
Jul 25 15:02:32 torchtpu-vm vbarcontrolagent.vbarcontrolagent[2752]: I0725 15:02:32.909280    2752 migration_state_tracking.cc:23] Migration not enabled - not starting notification watcher.
Jul 25 15:02:32 torchtpu-vm vbarcontrolagent.vbarcontrolagent[2752]: I0725 15:02:32.909494    2752 hostname.cc:43] Note: we could not read a GMI proto at '/etc/googlemachineidentity/live/machine_identity.pb'. If this is a prod machine, it is probably broken. If it is a non-prod machine (corp, cloudtop etc), this is ok.
Jul 25 15:02:32 torchtpu-vm vbarcontrolagent.vbarcontrolagent[2752]: I0725 15:02:32.928021    2752 loas2_securewrapper_multihop_aes_128_gcm_openssl.cc:60] Failed to get registered cross universe signing client. This is only a problem if your binary needs to send RPCs across TPC universes; otherwise, no action is needed. If your binary needs to send RPCs across TPC universes, rebuild your binary with the required LOAS artifacts dependency for TPC: [ //security/loas/l2/public/multihop:loas2_multihop_artifacts ]. This requirement is part of the go/tpc-rpc-integrity-thinmint-direction rollout.
Jul 25 15:02:32 torchtpu-vm vbarcontrolagent.vbarcontrolagent[2752]: W0725 15:02:32.934870    2752 api.cc:105] Failed to read Network Predicates configuration from /etc/google/network_predicates.cfg (this is expected on non-NodeOS machines) with reason: No such file or directory
Jul 25 15:02:32 torchtpu-vm vbarcontrolagent.vbarcontrolagent[2752]: I0725 15:02:32.934895    2752 privacy_context_defaults.cc:4031] PrivacyContext default attribute configuration initialization.
Jul 25 15:02:32 torchtpu-vm vbarcontrolagent.vbarcontrolagent[2752]: I0725 15:02:32.934913    2752 privacy_context_defaults.cc:2286] Post initialization validating PrivacyContextDefaultConfig: go/debugonly
Jul 25 15:02:32 torchtpu-vm vbarcontrolagent.vbarcontrolagent[2752]: I0725 15:02:32.935225    2752 privacy_context_defaults.cc:4179] PrivacyContextDefaultConfig has no origin_product_id.
Jul 25 15:02:32 torchtpu-vm vbarcontrolagent.vbarcontrolagent[2752]: I0725 15:02:32.935236    2752 privacy_context_defaults.cc:4194] PrivacyContext default attribute configuration module initialization complete.
Jul 25 15:02:32 torchtpu-vm vbarcontrolagent.vbarcontrolagent[2752]: I0725 15:02:32.935244    2752 prodhostname_userspace_monitor_impl.cc:195] Not running under a Borglet, disabling ProdHostname userspace monitoring.
Jul 25 15:02:32 torchtpu-vm vbarcontrolagent.vbarcontrolagent[2752]: I0725 15:02:32.939513    2752 logger.cc:310] Enabling threaded logging for severity WARNING
Jul 25 15:02:32 torchtpu-vm vbarcontrolagent.vbarcontrolagent[2752]: I0725 15:02:32.946111    2752 mlock.cc:220] mlock()-ed 4096 bytes for BuildID, using 1 syscalls.
Jul 25 15:02:32 torchtpu-vm cloud-init[2986]: Cloud-init v. 26.1-0ubuntu1~22.04.1 running 'modules:config' at Sat, 25 Jul 2026 15:02:32 +0000. Up 13.46 seconds.
[   13.504155] cloud-init[2986]: Cloud-init v. 26.1-0ubuntu1~22.04.1 running 'modules:config' at Sat, 25 Jul 2026 15:02:32 +0000. Up 13.46 seconds.
Jul 25 15:02:32 torchtpu-vm vbarcontrolagent.vbarcontrolagent[2752]: I0725 15:02:32.964236    2752 vbar_control_service.cc:83] Total number of devices: 1
Jul 25 15:02:32 torchtpu-vm vbarcontrolagent.vbarcontrolagent[2752]: I0725 15:02:32.964255    2752 vbar_control_service.cc:95] Resource path for vBAR: /sys/bus/pci/devices/0000:00:04.0/resource4
Jul 25 15:02:32 torchtpu-vm vbarcontrolagent.vbarcontrolagent[2752]: I0725 15:02:32.968223    2752 config.cc:256] gRPC experiments enabled: buffer_list_deletion_prep, cache_loas_context_in_connection_context, call_tracer_send_initial_metadata_is_an_annotation, callv3_census_client, callv3_census_server, census_global_family_cache, channelz_use_v2_for_v1_api, channelz_use_v2_for_v1_service, chttp2_bound_write_size, deprecate_keep_grpc_initialized, directpath_rpc_header_sanitization_filter, drop_connections_on_high_memory_pressure, error_flatten, event_engine_callback_cq, event_engine_client, event_engine_dns, event_engine_dns_non_client_channel, event_engine_listener, event_engine_secure_endpoint, fuse_filters, google_no_envelope_resolver, graceful_external_connection_failure, lbns_support_in_address_resolver, loas_server_auth_decode_uris_from_grpc, loas_server_auth_fail_closed_on_uri_decoding_error, max_inflight_pings_strict_limit, monitoring_experiment, pick_first_ready_to_connecting, privacy_context_remove_double_encoding, privacy_context_single_encoding, prod2cloud_w3c_trace, rr_wrr_connect_from_random_index, skip_clear_peer_on_cancellation, sleep_use_non_owning_waker, subchannel_wrapper_cleanup_on_orphan, track_writes_in_resource_quota, track_zero_copy_allocations_in_resource_quota, tsi_frame_protector_without_locks
Jul 25 15:02:32 torchtpu-vm vbarcontrolagent.vbarcontrolagent[2752]: I0725 15:02:32.982726    2752 vbar_control_service.cc:321] Successfully started VBARControlService listening on IP/Port: [::]:8353 and UDS: unix:/var/run/tpu-plugin/vbar.sock
Jul 25 15:02:33 torchtpu-vm chronyd[1057]: chronyd exiting
Jul 25 15:02:33 torchtpu-vm systemd[1]: Stopping chrony, an NTP client/server...
Jul 25 15:02:33 torchtpu-vm systemd[1]: chrony.service: Deactivated successfully.
Jul 25 15:02:33 torchtpu-vm systemd[1]: Stopped chrony, an NTP client/server.
Jul 25 15:02:33 torchtpu-vm systemd[1]: Starting chrony, an NTP client/server...
Jul 25 15:02:33 torchtpu-vm chronyd[3009]: chronyd version 4.2 starting (+CMDMON +NTP +REFCLOCK +RTC +PRIVDROP +SCFILTER +SIGND +ASYNCDNS +NTS +SECHASH +IPV6 -DEBUG)
Jul 25 15:02:33 torchtpu-vm chronyd[3009]: Frequency 0.000 +/- 1000000.000 ppm read from /var/lib/chrony/chrony.drift
Jul 25 15:02:33 torchtpu-vm chronyd[3009]: Loaded seccomp filter (level 1)
Jul 25 15:02:33 torchtpu-vm systemd[1]: Started chrony, an NTP client/server.

Ubuntu 22.04.5 LTS torchtpu-vm ttyS0

torchtpu-vm login: Jul 25 15:02:33 torchtpu-vm systemd[1]: Finished Cloud-init: Config Stage.
Jul 25 15:02:33 torchtpu-vm systemd[1]: Starting Cloud-init: Final Stage...
Jul 25 15:02:33 torchtpu-vm systemd[1]: Starting Google Compute Engine Startup Scripts...
[   14.054420] google_metadata_script_runner[3014]: Starting startup scripts (version 20250116.00-0ubuntu1~22.04.3).
Jul 25 15:02:33 torchtpu-vm google_metadata_script_runner[3014]: Starting startup scripts (version 20250116.00-0ubuntu1~22.04.3).
[   14.060055] google_metadata_script_runner[3014]: Found startup-script in metadata.
Jul 25 15:02:33 torchtpu-vm google_metadata_script_runner[3014]: Found startup-script in metadata.
+ echo 'Starting TorchTPU Bootloader...'
Starting TorchTPU Bootloader...
+ echo -----------------------------------
-----------------------------------
+ echo 'Project ID: comglitn'
Project ID: comglitn
+ echo 'Zone: europe-west4-a'
Zone: europe-west4-a
+ echo 'Pip packages: torch_tpu transformers'
Pip packages: torch_tpu transformers
+ echo 'Package index: us-python.pkg.dev/ml-oss-artifacts-transient/torch-tpu-virtual-registry/simple/'
Package index: us-python.pkg.dev/ml-oss-artifacts-transient/torch-tpu-virtual-registry/simple/
+ echo -----------------------------------
-----------------------------------
+ echo 'Checking internet connectivity...'
Checking internet connectivity...
+ set +e
++ seq 1 30
+ for i in $(seq 1 30)
+ echo 'Attempt 1/30: Pinging 8.8.8.8...'
Attempt 1/30: Pinging 8.8.8.8...
+ ping -c 1 8.8.8.8
PING 8.8.8.8 (8.8.8.8) 56(84) bytes of data.
64 bytes from 8.8.8.8: icmp_seq=1 ttl=115 time=0.271 ms

--- 8.8.8.8 ping statistics ---
1 packets transmitted, 1 received, 0% packet loss, time 0ms
rtt min/avg/max/mdev = 0.271/0.271/0.271/0.000 ms
+ '[' 0 -eq 0 ']'
+ echo 'Internet connected.'
Internet connected.
+ break
+ set -e
+ export DEBIAN_FRONTEND=noninteractive
+ DEBIAN_FRONTEND=noninteractive
+ apt-get update -y
Jul 25 15:02:33 torchtpu-vm systemd[1]: Starting Update APT News...
Jul 25 15:02:33 torchtpu-vm systemd[1]: Starting Update the local ESM caches...
[   14.148521] cloud-init[3049]: Cloud-init v. 26.1-0ubuntu1~22.04.1 running 'modules:final' at Sat, 25 Jul 2026 15:02:33 +0000. Up 14.11 seconds.
Jul 25 15:02:33 torchtpu-vm cloud-init[3049]: Cloud-init v. 26.1-0ubuntu1~22.04.1 running 'modules:final' at Sat, 25 Jul 2026 15:02:33 +0000. Up 14.11 seconds.
ci-info: no authorized SSH keys fingerprints found for user ubuntu.
Hit:1 http://europe-west4.gce.archive.ubuntu.com/ubuntu jammy InRelease
Hit:2 http://security.ubuntu.com/ubuntu jammy-security InRelease
Get:3 http://europe-west4.gce.archive.ubuntu.com/ubuntu jammy-updates InRelease [128 kB]
<14>Jul 25 15:02:33 cloud-init: #############################################################
<14>Jul 25 15:02:33 cloud-init: -----BEGIN SSH HOST KEY FINGERPRINTS-----
<14>Jul 25 15:02:33 cloud-init: 256 SHA256:vha5QVNQ4EtJ2jmqp5CgvLEfAjQxcprJnohG5P3TAGs root@torchtpu-vm (ECDSA)
<14>Jul 25 15:02:33 cloud-init: 256 SHA256:k6JknS0YXwHBY4wCQAj11swsKFUn6ziPPUtAYMLNsK8 root@torchtpu-vm (ED25519)
<14>Jul 25 15:02:33 cloud-init: 3072 SHA256:+XDqcLTwq1Bs6xDrfxX0nEh6yLmk0wQrJPqhuZf/wrE root@torchtpu-vm (RSA)
<14>Jul 25 15:02:33 cloud-init: -----END SSH HOST KEY FINGERPRINTS-----
<14>Jul 25 15:02:33 cloud-init: #############################################################
-----BEGIN SSH HOST KEY KEYS-----
ecdsa-sha2-nistp256 AAAAE2VjZHNhLXNoYTItbmlzdHAyNTYAAAAIbmlzdHAyNTYAAABBBPKhOYoLpsAF49cR2YscCzDslfA4bs23iSJjMOq3mGHKP3fYvpMDu2IYXAzmpnOQpu4G6bKp9TbNvgoa1k5He6Q= root@torchtpu-vm
ssh-ed25519 AAAAC3NzaC1lZDI1NTE5AAAAIKUPAbfIDhfW3OGc9/96e4P+jsepPgweIBJSIL1qejF1 root@torchtpu-vm
ssh-rsa AAAAB3NzaC1yc2EAAAADAQABAAABgQCfO/pxghw5qGPVGFQ/+pAT410R50wV3gurDvFV2Qvz7F8zv9ZDra98dvlqGzamrJrbfJOFGYTfo3RAZa0EtmW88nqmC0vTDCUv1ECLyvkBCKFzXM13IOuYBK0wNUBV+YRQbheBpc/LoJbKOC0gsTJPE27b7OmxX9LeHltDfJcThzUGcr2E175NOE/YLvKxUaMak/OxtPsOYgsxwJSIkLQcQGRjo+uFoFaj2FqUTFbuXtIVRYIV9majRz0IfgdOzkJ1qUSA5cSceOQeW1q2MmVN8laomLe6MS4/r8Uvm6f21UbHLRyZgycT5yqCJojUdCCGUswv1QV1NRcuiG8bxYVr5PYEC94RwwNpxQipr6CIXK0tZrIPP5NRR3PXSst+/YIsW6xlMBKQhTN5PkxgfiF4+wGj9fTwsp9C7tqta2au0sgAtWCIiQ6hRqepxbGfbvxUAvk91+aM9w8bl70Nk0Sn/usdBLYS5+HIoP5PHQ3X+LVzAB5VBBuSPqcOGcp7dl8= root@torchtpu-vm
-----END SSH HOST KEY KEYS-----
Jul 25 15:02:33 torchtpu-vm cloud-init[3049]: Cloud-init v. 26.1-0ubuntu1~22.04.1 finished at Sat, 25 Jul 2026 15:02:33 +0000. Datasource DataSourceGCELocal.  Up 14.20 seconds
[   14.206860] cloud-init[3049]: Cloud-init v. 26.1-0ubuntu1~22.04.1 finished at Sat, 25 Jul 2026 15:02:33 +0000. Datasource DataSourceGCELocal.  Up 14.20 seconds
Get:4 http://europe-west4.gce.archive.ubuntu.com/ubuntu jammy-backports InRelease [127 kB]
Jul 25 15:02:33 torchtpu-vm systemd[1]: Finished Cloud-init: Final Stage.
Jul 25 15:02:33 torchtpu-vm python3[3045]: ["2026-07-25T15:02:33.691", "INFO", "ubuntupro.system", "get_cpu_info", 296, "could not open /proc/sysinfo", {}]
Jul 25 15:02:33 torchtpu-vm python3[3045]: ["2026-07-25T15:02:33.691", "INFO", "ubuntupro.system", "get_cpu_info", 306, "could not open /sys/firmware/devicetree/base/model", {}]
Jul 25 15:02:33 torchtpu-vm systemd[1]: Reached target Cloud-init target.
Get:5 http://europe-west4.gce.archive.ubuntu.com/ubuntu jammy/universe amd64 Packages [14.1 MB]
Get:6 http://security.ubuntu.com/ubuntu jammy-security/universe amd64 Packages [1045 kB]
Jul 25 15:02:33 torchtpu-vm systemd[1]: apt-news.service: Deactivated successfully.
Jul 25 15:02:33 torchtpu-vm systemd[1]: Finished Update APT News.
Get:7 http://europe-west4.gce.archive.ubuntu.com/ubuntu jammy/universe Translation-en [5652 kB]
Get:8 http://europe-west4.gce.archive.ubuntu.com/ubuntu jammy/universe amd64 c-n-f Metadata [286 kB]
Get:9 http://europe-west4.gce.archive.ubuntu.com/ubuntu jammy/multiverse amd64 Packages [217 kB]
Get:10 http://europe-west4.gce.archive.ubuntu.com/ubuntu jammy/multiverse Translation-en [112 kB]
Get:11 http://europe-west4.gce.archive.ubuntu.com/ubuntu jammy/multiverse amd64 c-n-f Metadata [8372 B]
Get:12 http://security.ubuntu.com/ubuntu jammy-security/universe Translation-en [234 kB]
Get:13 http://security.ubuntu.com/ubuntu jammy-security/universe amd64 c-n-f Metadata [23.2 kB]
Get:14 http://security.ubuntu.com/ubuntu jammy-security/multiverse amd64 Packages [69.1 kB]
Get:15 http://security.ubuntu.com/ubuntu jammy-security/multiverse Translation-en [12.9 kB]
Get:16 http://security.ubuntu.com/ubuntu jammy-security/multiverse amd64 c-n-f Metadata [544 B]
Get:17 http://europe-west4.gce.archive.ubuntu.com/ubuntu jammy-updates/main amd64 Packages [3677 kB]
Get:18 http://europe-west4.gce.archive.ubuntu.com/ubuntu jammy-updates/universe amd64 Packages [1279 kB]
Get:19 http://europe-west4.gce.archive.ubuntu.com/ubuntu jammy-updates/universe Translation-en [322 kB]
Get:20 http://europe-west4.gce.archive.ubuntu.com/ubuntu jammy-updates/universe amd64 c-n-f Metadata [30.8 kB]
Get:21 http://europe-west4.gce.archive.ubuntu.com/ubuntu jammy-updates/multiverse amd64 Packages [76.5 kB]
Get:22 http://europe-west4.gce.archive.ubuntu.com/ubuntu jammy-updates/multiverse Translation-en [15.9 kB]
Get:23 http://europe-west4.gce.archive.ubuntu.com/ubuntu jammy-updates/multiverse amd64 c-n-f Metadata [756 B]
Get:24 http://europe-west4.gce.archive.ubuntu.com/ubuntu jammy-backports/main amd64 Packages [70.2 kB]
Get:25 http://europe-west4.gce.archive.ubuntu.com/ubuntu jammy-backports/main Translation-en [11.4 kB]
Get:26 http://europe-west4.gce.archive.ubuntu.com/ubuntu jammy-backports/main amd64 c-n-f Metadata [412 B]
Get:27 http://europe-west4.gce.archive.ubuntu.com/ubuntu jammy-backports/restricted amd64 c-n-f Metadata [116 B]
Get:28 http://europe-west4.gce.archive.ubuntu.com/ubuntu jammy-backports/universe amd64 Packages [30.8 kB]
Get:29 http://europe-west4.gce.archive.ubuntu.com/ubuntu jammy-backports/universe Translation-en [16.9 kB]
Get:30 http://europe-west4.gce.archive.ubuntu.com/ubuntu jammy-backports/universe amd64 c-n-f Metadata [676 B]
Get:31 http://europe-west4.gce.archive.ubuntu.com/ubuntu jammy-backports/multiverse amd64 c-n-f Metadata [116 B]
Jul 25 15:02:34 torchtpu-vm ai-telemetry-collector.ai-telemetry-collector[2896]: 2026-07-25T15:02:34.432Z#011info#011ottl@v0.149.0/parser_collection.go:646#011one or more paths were modified to include their context prefix, please rewrite them accordingly#011{"resource": {"service.instance.id": "b15662a9-9a7e-4838-ab0b-b6e6af577fbe", "service.name": "ai-telemetry-collector", "service.version": "0.0.8"}, "otelcol.component.id": "transform/remove_service_attributes", "otelcol.component.kind": "processor", "otelcol.pipeline.id": "metrics", "otelcol.signal": "metrics", "values": {"[0]": {"original": "delete_key(attributes, \"core_type\")", "modified": "delete_key(datapoint.attributes, \"core_type\")"}, "[1]": {"original": "delete_key(attributes, \"libtpu.endpoint.name\")", "modified": "delete_key(datapoint.attributes, \"libtpu.endpoint.name\")"}, "[2]": {"original": "delete_key(attributes, \"server.address\")", "modified": "delete_key(datapoint.attributes, \"server.address\")"}, "[3]": {"original": "delete_key(attributes, \"server.name\")", "modified": "delete_key(datapoint.attributes, \"server.name\")"}, "[4]": {"original": "delete_key(attributes, \"server.port\")", "modified": "delete_key(datapoint.attributes, \"server.port\")"}, "[5]": {"original": "set(attributes[\"accelerator_id\"], attributes[\"device_id\"]) where attributes[\"device_id\"] != nil", "modified": "set(datapoint.attributes[\"accelerator_id\"], datapoint.attributes[\"device_id\"]) where datapoint.attributes[\"device_id\"] != nil"}, "[6]": {"original": "delete_key(attributes, \"device_id\")", "modified": "delete_key(datapoint.attributes, \"device_id\")"}, "[7]": {"original": "set(attributes[\"accelerator_id\"], attributes[\"device-id\"]) where attributes[\"device-id\"] != nil", "modified": "set(datapoint.attributes[\"accelerator_id\"], datapoint.attributes[\"device-id\"]) where datapoint.attributes[\"device-id\"] != nil"}, "[8]": {"original": "delete_key(attributes, \"device-id\")", "modified": "delete_key(datapoint.attributes, \"device-id\")"}, "[9]": {"original": "set(attributes[\"accelerator_id\"], attributes[\"device_ordinal\"]) where attributes[\"device_ordinal\"] != nil", "modified": "set(datapoint.attributes[\"accelerator_id\"], datapoint.attributes[\"device_ordinal\"]) where datapoint.attributes[\"device_ordinal\"] != nil"}, "[10]": {"original": "delete_key(attributes, \"device_ordinal\")", "modified": "delete_key(datapoint.attributes, \"device_ordinal\")"}}}
Jul 25 15:02:34 torchtpu-vm ai-telemetry-collector.ai-telemetry-collector[2896]: 2026-07-25T15:02:34.438Z#011info#011ottl@v0.149.0/parser_collection.go:646#011one or more paths were modified to include their context prefix, please rewrite them accordingly#011{"resource": {"service.instance.id": "b15662a9-9a7e-4838-ab0b-b6e6af577fbe", "service.name": "ai-telemetry-collector", "service.version": "0.0.8"}, "otelcol.component.id": "transform/prefix", "otelcol.component.kind": "processor", "otelcol.pipeline.id": "metrics", "otelcol.signal": "metrics", "values": {"[0]": {"original": "set(name, \"compute.googleapis.com/instance/tpu/accelerator/tensorcore_utilization\") where name == \"tensorcore_utilization\"", "modified": "set(metric.name, \"compute.googleapis.com/instance/tpu/accelerator/tensorcore_utilization\") where metric.name == \"tensorcore_utilization\""}, "[1]": {"original": "set(name, \"compute.googleapis.com/instance/tpu/accelerator/memory_bandwidth_utilization\") where name == \"memory_bandwidth_utilization\"", "modified": "set(metric.name, \"compute.googleapis.com/instance/tpu/accelerator/memory_bandwidth_utilization\") where metric.name == \"memory_bandwidth_utilization\""}, "[2]": {"original": "set(name, \"compute.googleapis.com/instance/tpu/accelerator/duty_cycle\") where name == \"tpu.runtime.tensorcore.dutycycle.percent\"", "modified": "set(metric.name, \"compute.googleapis.com/instance/tpu/accelerator/duty_cycle\") where metric.name == \"tpu.runtime.tensorcore.dutycycle.percent\""}, "[3]": {"original": "set(name, \"compute.googleapis.com/instance/tpu/accelerator/memory_used\") where name == \"tpu.runtime.hbm.memory.usage.bytes\"", "modified": "set(metric.name, \"compute.googleapis.com/instance/tpu/accelerator/memory_used\") where metric.name == \"tpu.runtime.hbm.memory.usage.bytes\""}, "[4]": {"original": "set(name, \"compute.googleapis.com/instance/tpu/accelerator/memory_total\") where name == \"tpu.runtime.hbm.memory.total.bytes\"", "modified": "set(metric.name, \"compute.googleapis.com/instance/tpu/accelerator/memory_total\") where metric.name == \"tpu.runtime.hbm.memory.total.bytes\""}, "[5]": {"original": "set(name, \"compute.googleapis.com/instance/tpu/runtime/uptime\") where name == \"tpu.runtime.uptime.seconds.gauge\"", "modified": "set(metric.name, \"compute.googleapis.com/instance/tpu/runtime/uptime\") where metric.name == \"tpu.runtime.uptime.seconds.gauge\""}, "[6]": {"original": "set(name, \"compute.googleapis.com/tpu/multislice/network/collective_end_to_end_latencies\") where name == \"megascale.collective_end_to_end_latencies.microsecond.cumulative.distribution\"", "modified": "set(metric.name, \"compute.googleapis.com/tpu/multislice/network/collective_end_to_end_latencies\") where metric.name == \"megascale.collective_end_to_end_latencies.microsecond.cumulative.distribution\""}, "[7]": {"original": "set(name, \"compute.googleapis.com/tpu/multislice/network/dcn_transfer_latencies\") where name == \"megascale.dcn_transfer_latencies.microsecond.cumulative.distribution\"", "modified": "set(metric.name, \"compute.googleapis.com/tpu/multislice/network/dcn_transfer_latencies\") where metric.name == \"megascale.dcn_transfer_latencies.microsecond.cumulative.distribution\""}, "[8]": {"original": "set(name, \"compute.googleapis.com/tpu/multislice/network/grpc_client_call_latencies\") where name == \"megascale.grpc_client_call_latencies.microsecond.cumulative.distribution\"", "modified": "set(metric.name, \"compute.googleapis.com/tpu/multislice/network/grpc_client_call_latencies\") where metric.name == \"megascale.grpc_client_call_latencies.microsecond.cumulative.distribution\""}, "[9]": {"original": "set(name, \"compute.googleapis.com/tpu/multislice/network/grpc_server_call_latencies\") where name == \"megascale.grpc_server_call_latencies.microsecond.cumulative.distribution\"", "modified": "set(metric.name, \"compute.googleapis.com/tpu/multislice/network/grpc_server_call_latencies\") where metric.name == \"megascale.grpc_server_call_latencies.microsecond.cumulative.distribution\""}, "[10]": {"original": "set(name, \"compute.googleapis.com/tpu/multislice/network/grpc_tcp_min_round_trip_times\") where name == \"megascale.grpc_tcp_min_rtt.microsecond.cumulative.distribution\"", "modified": "set(metric.name, \"compute.googleapis.com/tpu/multislice/network/grpc_tcp_min_round_trip_times\") where metric.name == \"megascale.grpc_tcp_min_rtt.microsecond.cumulative.distribution\""}, "[11]": {"original": "set(name, \"compute.googleapis.com/tpu/multislice/network/grpc_tcp_delivery_rates\") where name == \"megascale.grpc_tcp_delivery_rate.Mbps.cumulative.distribution\"", "modified": "set(metric.name, \"compute.googleapis.com/tpu/multislice/network/grpc_tcp_delivery_rates\") where metric.name == \"megascale.grpc_tcp_delivery_rate.Mbps.cumulative.distribution\""}, "[12]": {"original": "set(name, \"compute.googleapis.com/tpu/multislice/network/grpc_tcp_packets_sent_count\") where name == \"megascale.grpc_tcp_packets_sent.cumulative.count\"", "modified": "set(metric.name, \"compute.googleapis.com/tpu/multislice/network/grpc_tcp_packets_sent_count\") where metric.name == \"megascale.grpc_tcp_packets_sent.cumulative.count\""}, "[13]": {"original": "set(name, \"compute.googleapis.com/tpu/multislice/network/grpc_tcp_packets_retransmitted_count\") where name == \"megascale.grpc_tcp_packets_retransmitted.cumulative.count\"", "modified": "set(metric.name, \"compute.googleapis.com/tpu/multislice/network/grpc_tcp_packets_retransmitted_count\") where metric.name == \"megascale.grpc_tcp_packets_retransmitted.cumulative.count\""}, "[14]": {"original": "set(name, \"compute.googleapis.com/tpu/multislice/network/host_to_device_transfer_latencies\") where name == \"megascale.host_to_device_transfer_latencies.microsecond.cumulative.distribution\"", "modified": "set(metric.name, \"compute.googleapis.com/tpu/multislice/network/host_to_device_transfer_latencies\") where metric.name == \"megascale.host_to_device_transfer_latencies.microsecond.cumulative.distribution\""}, "[15]": {"original": "set(name, \"compute.googleapis.com/tpu/multislice/accelerator/device_to_host_transfer_latencies\") where name == \"megascale.device_to_host_transfer_latencies.microsecond.cumulative.distribution\"", "modified": "set(metric.name, \"compute.googleapis.com/tpu/multislice/accelerator/device_to_host_transfer_latencies\") where metric.name == \"megascale.device_to_host_transfer_latencies.microsecond.cumulative.distribution\""}}}
Jul 25 15:02:34 torchtpu-vm ai-telemetry-collector.ai-telemetry-collector[2896]: 2026-07-25T15:02:34.445Z#011info#011service@v0.149.0/service.go:241#011Starting ai-telemetry-collector...#011{"resource": {"service.instance.id": "b15662a9-9a7e-4838-ab0b-b6e6af577fbe", "service.name": "ai-telemetry-collector", "service.version": "0.0.8"}, "Version": "0.0.8", "NumCPU": 44}
Jul 25 15:02:34 torchtpu-vm ai-telemetry-collector.ai-telemetry-collector[2896]: 2026-07-25T15:02:34.445Z#011info#011extensions/extensions.go:40#011Starting extensions...#011{"resource": {"service.instance.id": "b15662a9-9a7e-4838-ab0b-b6e6af577fbe", "service.name": "ai-telemetry-collector", "service.version": "0.0.8"}}
Jul 25 15:02:34 torchtpu-vm ai-telemetry-collector.ai-telemetry-collector[2896]: 2026-07-25T15:02:34.454Z#011info#011internal/resourcedetection.go:156#011began detecting resource information#011{"resource": {"service.instance.id": "b15662a9-9a7e-4838-ab0b-b6e6af577fbe", "service.name": "ai-telemetry-collector", "service.version": "0.0.8"}, "otelcol.component.id": "resourcedetection/gcp", "otelcol.component.kind": "processor", "otelcol.pipeline.id": "metrics", "otelcol.signal": "metrics"}
Jul 25 15:02:34 torchtpu-vm ai-telemetry-collector.ai-telemetry-collector[2896]: 2026-07-25T15:02:34.464Z#011info#011internal/resourcedetection.go:213#011detected resource information#011{"resource": {"service.instance.id": "b15662a9-9a7e-4838-ab0b-b6e6af577fbe", "service.name": "ai-telemetry-collector", "service.version": "0.0.8"}, "otelcol.component.id": "resourcedetection/gcp", "otelcol.component.kind": "processor", "otelcol.pipeline.id": "metrics", "otelcol.signal": "metrics", "resource": {"cloud.account.id":"comglitn","cloud.availability_zone":"europe-west4-a","cloud.platform":"gcp_compute_engine","cloud.provider":"gcp","cloud.region":"europe-west4","host.id":"6922337280921792867","host.name":"torchtpu-vm","host.type":"projects/1056842563084/machineTypes/ct6e-standard-1t"}}
Jul 25 15:02:34 torchtpu-vm ai-telemetry-collector.ai-telemetry-collector[2896]: 2026-07-25T15:02:34.465Z#011info#011tpuruntimereceiver/receiver.go:72#011Starting gRPC scraper#011{"resource": {"service.instance.id": "b15662a9-9a7e-4838-ab0b-b6e6af577fbe", "service.name": "ai-telemetry-collector", "service.version": "0.0.8"}, "otelcol.component.id": "tpuruntime", "otelcol.component.kind": "receiver", "otelcol.signal": "metrics", "targets_count": 1}
Jul 25 15:02:34 torchtpu-vm ai-telemetry-collector.ai-telemetry-collector[2896]: 2026-07-25T15:02:34.465Z#011info#011tpuruntimereceiver/receiver.go:75#011Connecting to target#011{"resource": {"service.instance.id": "b15662a9-9a7e-4838-ab0b-b6e6af577fbe", "service.name": "ai-telemetry-collector", "service.version": "0.0.8"}, "otelcol.component.id": "tpuruntime", "otelcol.component.kind": "receiver", "otelcol.signal": "metrics", "endpoint": "0.0.0.0:8431"}
Jul 25 15:02:34 torchtpu-vm ai-telemetry-collector.ai-telemetry-collector[2896]: 2026-07-25T15:02:34.466Z#011info#011tpuhostreceiver/receiver.go:77#011Starting tpu host scraper#011{"resource": {"service.instance.id": "b15662a9-9a7e-4838-ab0b-b6e6af577fbe", "service.name": "ai-telemetry-collector", "service.version": "0.0.8"}, "otelcol.component.id": "tpuhost", "otelcol.component.kind": "receiver", "otelcol.signal": "metrics"}
Jul 25 15:02:34 torchtpu-vm ai-telemetry-collector.ai-telemetry-collector[2896]: 2026-07-25T15:02:34.466Z#011warn#011grpc@v1.81.0/clientconn.go:1534#011[core] [Channel #3 SubChannel #4] grpc: addrConn.createTransport failed to connect to {Addr: "0.0.0.0:8431", ServerName: "0.0.0.0:8431", }. Err: connection error: desc = "transport: Error while dialing: dial tcp 0.0.0.0:8431: connect: connection refused"#011{"resource": {"service.instance.id": "b15662a9-9a7e-4838-ab0b-b6e6af577fbe", "service.name": "ai-telemetry-collector", "service.version": "0.0.8"}, "grpc_log": true}
Jul 25 15:02:34 torchtpu-vm ai-telemetry-collector.ai-telemetry-collector[2896]: 2026-07-25T15:02:34.467Z#011info#011tpuhostreceiver/receiver.go:94#011TPU host metrics client successfully initialized#011{"resource": {"service.instance.id": "b15662a9-9a7e-4838-ab0b-b6e6af577fbe", "service.name": "ai-telemetry-collector", "service.version": "0.0.8"}, "otelcol.component.id": "tpuhost", "otelcol.component.kind": "receiver", "otelcol.signal": "metrics", "TpuGen": "v6e-1"}
Jul 25 15:02:34 torchtpu-vm ai-telemetry-collector.ai-telemetry-collector[2896]: 2026-07-25T15:02:34.467Z#011info#011service@v0.149.0/service.go:264#011Everything is ready. Begin running and processing data.#011{"resource": {"service.instance.id": "b15662a9-9a7e-4838-ab0b-b6e6af577fbe", "service.name": "ai-telemetry-collector", "service.version": "0.0.8"}}
Jul 25 15:02:35 torchtpu-vm systemd[1]: esm-cache.service: Deactivated successfully.
Jul 25 15:02:35 torchtpu-vm systemd[1]: Finished Update the local ESM caches.
Jul 25 15:02:35 torchtpu-vm ai-telemetry-collector.ai-telemetry-collector[2896]: 2026-07-25T15:02:35.467Z#011warn#011grpc@v1.81.0/clientconn.go:1534#011[core] [Channel #3 SubChannel #4] grpc: addrConn.createTransport failed to connect to {Addr: "0.0.0.0:8431", ServerName: "0.0.0.0:8431", }. Err: connection error: desc = "transport: Error while dialing: dial tcp 0.0.0.0:8431: connect: connection refused"#011{"resource": {"service.instance.id": "b15662a9-9a7e-4838-ab0b-b6e6af577fbe", "service.name": "ai-telemetry-collector", "service.version": "0.0.8"}, "grpc_log": true}
Jul 25 15:02:35 torchtpu-vm dbus-daemon[1033]: [system] Activating via systemd: service name='org.freedesktop.PackageKit' unit='packagekit.service' requested by ':1.17' (uid=0 pid=3381 comm="/usr/bin/gdbus call --system --dest org.freedeskto" label="unconfined")
Jul 25 15:02:36 torchtpu-vm systemd[1]: Starting PackageKit Daemon...
Jul 25 15:02:36 torchtpu-vm PackageKit: daemon start
Jul 25 15:02:36 torchtpu-vm dbus-daemon[1033]: [system] Successfully activated service 'org.freedesktop.PackageKit'
Jul 25 15:02:36 torchtpu-vm systemd[1]: Started PackageKit Daemon.
Jul 25 15:02:37 torchtpu-vm ai-telemetry-collector.ai-telemetry-collector[2896]: 2026-07-25T15:02:37.267Z#011warn#011grpc@v1.81.0/clientconn.go:1534#011[core] [Channel #3 SubChannel #4] grpc: addrConn.createTransport failed to connect to {Addr: "0.0.0.0:8431", ServerName: "0.0.0.0:8431", }. Err: connection error: desc = "transport: Error while dialing: dial tcp 0.0.0.0:8431: connect: connection refused"#011{"resource": {"service.instance.id": "b15662a9-9a7e-4838-ab0b-b6e6af577fbe", "service.name": "ai-telemetry-collector", "service.version": "0.0.8"}, "grpc_log": true}
Jul 25 15:02:37 torchtpu-vm chronyd[3009]: Selected source 169.254.169.254 (metadata.google.internal)
Jul 25 15:02:37 torchtpu-vm python3[1080]: ["2026-07-25T15:02:37.856", "INFO", "ubuntupro.daemon", "main", 67, "mode: poll for pro license", {}]
Jul 25 15:02:38 torchtpu-vm python3[1080]: ["2026-07-25T15:02:38.083", "INFO", "ubuntupro.daemon.poll_for_pro_license", "poll_for_pro_license", 82, "Configured to not poll for pro license, shutting down", {}]
Jul 25 15:02:38 torchtpu-vm python3[1080]: ["2026-07-25T15:02:38.083", "INFO", "ubuntupro.daemon", "main", 76, "daemon ending", {}]
Jul 25 15:02:38 torchtpu-vm systemd[1]: ubuntu-advantage.service: Deactivated successfully.
Fetched 27.5 MB in 2s (11.6 MB/s)
Reading package lists...Jul 25 15:02:39 torchtpu-vm ai-telemetry-collector.ai-telemetry-collector[2896]: 2026-07-25T15:02:39.820Z#011warn#011grpc@v1.81.0/clientconn.go:1534#011[core] [Channel #3 SubChannel #4] grpc: addrConn.createTransport failed to connect to {Addr: "0.0.0.0:8431", ServerName: "0.0.0.0:8431", }. Err: connection error: desc = "transport: Error while dialing: dial tcp 0.0.0.0:8431: connect: connection refused"#011{"resource": {"service.instance.id": "b15662a9-9a7e-4838-ab0b-b6e6af577fbe", "service.name": "ai-telemetry-collector", "service.version": "0.0.8"}, "grpc_log": true}

+ apt-get install -y python3.12 python3.12-venv
Reading package lists...
Building dependency tree...
Reading state information...
E: Unable to locate package python3.12
E: Couldn't find any package by glob 'python3.12'
E: Couldn't find any package by regex 'python3.12'
E: Unable to locate package python3.12-venv
E: Couldn't find any package by glob 'python3.12-venv'
E: Couldn't find any package by regex 'python3.12-venv'
+ echo 'python3.12 not in the stock archive; adding the deadsnakes PPA...'
python3.12 not in the stock archive; adding the deadsnakes PPA...
+ apt-get install -y software-properties-common
Reading package lists...
Building dependency tree...
Reading state information...
software-properties-common is already the newest version (0.99.22.9).
software-properties-common set to manually installed.
0 upgraded, 0 newly installed, 0 to remove and 0 not upgraded.
+ add-apt-repository -y ppa:deadsnakes/ppa
Jul 25 15:02:42 torchtpu-vm systemd[1]: Starting Update APT News...
Jul 25 15:02:42 torchtpu-vm systemd[1]: Starting Update the local ESM caches...
Hit:1 http://europe-west4.gce.archive.ubuntu.com/ubuntu jammy InRelease
Hit:2 http://security.ubuntu.com/ubuntu jammy-security InRelease
Hit:3 http://europe-west4.gce.archive.ubuntu.com/ubuntu jammy-updates InRelease
Hit:4 http://europe-west4.gce.archive.ubuntu.com/ubuntu jammy-backports InRelease
Jul 25 15:02:42 torchtpu-vm systemd[1]: apt-news.service: Deactivated successfully.
Jul 25 15:02:42 torchtpu-vm systemd[1]: Finished Update APT News.
Get:5 https://ppa.launchpadcontent.net/deadsnakes/ppa/ubuntu jammy InRelease [18.1 kB]
Get:6 https://ppa.launchpadcontent.net/deadsnakes/ppa/ubuntu jammy/main amd64 Packages [36.7 kB]
Get:7 https://ppa.launchpadcontent.net/deadsnakes/ppa/ubuntu jammy/main Translation-en [5680 B]
Jul 25 15:02:43 torchtpu-vm systemd[1]: esm-cache.service: Deactivated successfully.
Jul 25 15:02:43 torchtpu-vm systemd[1]: Finished Update the local ESM caches.
Jul 25 15:02:43 torchtpu-vm ai-telemetry-collector.ai-telemetry-collector[2896]: 2026-07-25T15:02:43.710Z#011warn#011grpc@v1.81.0/clientconn.go:1534#011[core] [Channel #3 SubChannel #4] grpc: addrConn.createTransport failed to connect to {Addr: "0.0.0.0:8431", ServerName: "0.0.0.0:8431", }. Err: connection error: desc = "transport: Error while dialing: dial tcp 0.0.0.0:8431: connect: connection refused"#011{"resource": {"service.instance.id": "b15662a9-9a7e-4838-ab0b-b6e6af577fbe", "service.name": "ai-telemetry-collector", "service.version": "0.0.8"}, "grpc_log": true}
Fetched 60.4 kB in 0s (122 kB/s)
Reading package lists...
Repository: 'deb https://ppa.launchpadcontent.net/deadsnakes/ppa/ubuntu/ jammy main'
Description:
This PPA contains more recent Python versions packaged for Ubuntu.

Disclaimer: there's no guarantee of timely updates in case of security problems or other issues. If you want to use them in a security-or-otherwise-critical environment (say, on a production server), you do so at your own risk.

Update Note
===========
Please use this repository instead of ppa:fkrull/deadsnakes.

Reporting Issues
================

Issues can be reported in the master issue tracker at:
https://github.com/deadsnakes/issues/issues

Supported Ubuntu and Python Versions
====================================

- Ubuntu 22.04 (jammy) Python3.7+ (NOT Python3.10)
- Ubuntu 24.04 (noble) Python3.7+ (NOT Python3.12)
- Ubuntu 26.04 (resolute) Python3.7+ (NOT Python3.14)
- Note: Python 3.10 (jammy), Python3.12 (noble), Python3.14 (resolute) are not provided by deadsnakes as upstream ubuntu provides those packages.

Why some packages aren't built:
- Note: for 22.04+, older python versions requre libssl<3 so they are not currently built
- If you need these, reach out to asottile to set up a private ppa

The packages may also work on other versions of Ubuntu or Debian, but that is not tested or supported.

Packages
========

The packages provided here are loosely based on the debian upstream packages with some modifications to make them more usable as non-default pythons and on ubuntu.  As such, the packages follow debian's patterns and often do not include a full python distribution with just `apt install python#.#`.  Here is a list of packages that may be useful along with the default install:

- `python#.#-dev`: includes development headers for building C extensions
- `python#.#-venv`: provides the standard library `venv` module
- `python#.#-distutils`: provides the standard library `distutils` module
- `python#.#-lib2to3`: provides the `2to3-#.#` utility as well as the standard library `lib2to3` module
- `python#.#-gdbm`: provides the standard library `dbm.gnu` module
- `python#.#-tk`: provides the standard library `tkinter` module

Third-Party Python Modules
==========================

Python modules in the official Ubuntu repositories are packaged to work with the Python interpreters from the official repositories. Accordingly, they generally won't work with the Python interpreters from this PPA. As an exception, pure-Python modules for Python 3 will work, but any compiled extension modules won't.

To install 3rd-party Python modules, you should use the common Python packaging tools.  For an introduction into the Python packaging ecosystem and its tools, refer to the Python Packaging User Guide:
https://packaging.python.org/installing/

Sources
=======
The package sources are available at:
https://github.com/deadsnakes/

Nightly Builds
==============

For nightly builds, see ppa:deadsnakes/nightly https://launchpad.net/~deadsnakes/+archive/ubuntu/nightly
More info: https://launchpad.net/~deadsnakes/+archive/ubuntu/ppa
Adding repository.
Adding deb entry to /etc/apt/sources.list.d/deadsnakes-ubuntu-ppa-jammy.list
Adding disabled deb-src entry to /etc/apt/sources.list.d/deadsnakes-ubuntu-ppa-jammy.list
Adding key to /etc/apt/trusted.gpg.d/deadsnakes-ubuntu-ppa.gpg with fingerprint F23C5A6CF475977595C89F51BA6932366A755776
+ apt-get update -y
Jul 25 15:02:46 torchtpu-vm systemd[1]: Starting Update APT News...
Jul 25 15:02:46 torchtpu-vm systemd[1]: Starting Update the local ESM caches...
Hit:1 http://europe-west4.gce.archive.ubuntu.com/ubuntu jammy InRelease
Hit:2 http://security.ubuntu.com/ubuntu jammy-security InRelease
Hit:3 http://europe-west4.gce.archive.ubuntu.com/ubuntu jammy-updates InRelease
Hit:4 http://europe-west4.gce.archive.ubuntu.com/ubuntu jammy-backports InRelease
Jul 25 15:02:46 torchtpu-vm systemd[1]: apt-news.service: Deactivated successfully.
Jul 25 15:02:46 torchtpu-vm systemd[1]: Finished Update APT News.
Hit:5 https://ppa.launchpadcontent.net/deadsnakes/ppa/ubuntu jammy InRelease
Jul 25 15:02:46 torchtpu-vm systemd[1]: esm-cache.service: Deactivated successfully.
Jul 25 15:02:46 torchtpu-vm systemd[1]: Finished Update the local ESM caches.
Reading package lists...
+ apt-get install -y python3.12 python3.12-venv
Reading package lists...
Building dependency tree...
Reading state information...
The following additional packages will be installed:
  bzip2 libpython3.12-stdlib mailcap mime-support
Suggested packages:
  bzip2-doc
The following NEW packages will be installed:
  bzip2 libpython3.12-stdlib mailcap mime-support python3.12 python3.12-venv
0 upgraded, 6 newly installed, 0 to remove and 0 not upgraded.
Need to get 7241 kB of archives.
After this operation, 24.4 MB of additional disk space will be used.
Get:1 http://europe-west4.gce.archive.ubuntu.com/ubuntu jammy/main amd64 bzip2 amd64 1.0.8-5build1 [34.8 kB]
Get:2 http://europe-west4.gce.archive.ubuntu.com/ubuntu jammy-updates/main amd64 mailcap all 3.70+nmu1ubuntu1.22.04.1 [23.9 kB]
Get:3 http://europe-west4.gce.archive.ubuntu.com/ubuntu jammy/main amd64 mime-support all 3.66 [3696 B]
Get:4 https://ppa.launchpadcontent.net/deadsnakes/ppa/ubuntu jammy/main amd64 libpython3.12-stdlib amd64 3.12.13-1+jammy1 [2866 kB]
Get:5 https://ppa.launchpadcontent.net/deadsnakes/ppa/ubuntu jammy/main amd64 python3.12 amd64 3.12.13-1+jammy1 [2517 kB]
Get:6 https://ppa.launchpadcontent.net/deadsnakes/ppa/ubuntu jammy/main amd64 python3.12-venv amd64 3.12.13-1+jammy1 [1796 kB]
Fetched 7241 kB in 0s (28.0 MB/s)
Selecting previously unselected package bzip2.
(Reading database ... (Reading database ... 5%(Reading database ... 10%(Reading database ... 15%(Reading database ... 20%(Reading database ... 25%(Reading database ... 30%(Reading database ... 35%(Reading database ... 40%(Reading database ... 45%(Reading database ... 50%(Reading database ... 55%(Reading database ... 60%(Reading database ... 65%(Reading database ... 70%(Reading database ... 75%(Reading database ... 80%(Reading database ... 85%(Reading database ... 90%(Reading database ... 95%Jul 25 15:02:49 torchtpu-vm ai-telemetry-collector.ai-telemetry-collector[2896]: 2026-07-25T15:02:49.404Z#011warn#011grpc@v1.81.0/clientconn.go:1534#011[core] [Channel #3 SubChannel #4] grpc: addrConn.createTransport failed to connect to {Addr: "0.0.0.0:8431", ServerName: "0.0.0.0:8431", }. Err: connection error: desc = "transport: Error while dialing: dial tcp 0.0.0.0:8431: connect: connection refused"#011{"resource": {"service.instance.id": "b15662a9-9a7e-4838-ab0b-b6e6af577fbe", "service.name": "ai-telemetry-collector", "service.version": "0.0.8"}, "grpc_log": true}
(Reading database ... 100%(Reading database ... 66816 files and directories currently installed.)
Preparing to unpack .../0-bzip2_1.0.8-5build1_amd64.deb ...
Unpacking bzip2 (1.0.8-5build1) ...
Selecting previously unselected package mailcap.
Preparing to unpack .../1-mailcap_3.70+nmu1ubuntu1.22.04.1_all.deb ...
Unpacking mailcap (3.70+nmu1ubuntu1.22.04.1) ...
Selecting previously unselected package mime-support.
Preparing to unpack .../2-mime-support_3.66_all.deb ...
Unpacking mime-support (3.66) ...
Selecting previously unselected package libpython3.12-stdlib:amd64.
Preparing to unpack .../3-libpython3.12-stdlib_3.12.13-1+jammy1_amd64.deb ...
Unpacking libpython3.12-stdlib:amd64 (3.12.13-1+jammy1) ...
Selecting previously unselected package python3.12.
Preparing to unpack .../4-python3.12_3.12.13-1+jammy1_amd64.deb ...
Unpacking python3.12 (3.12.13-1+jammy1) ...
Selecting previously unselected package python3.12-venv.
Preparing to unpack .../5-python3.12-venv_3.12.13-1+jammy1_amd64.deb ...
Unpacking python3.12-venv (3.12.13-1+jammy1) ...
Setting up bzip2 (1.0.8-5build1) ...
Setting up mailcap (3.70+nmu1ubuntu1.22.04.1) ...
Setting up mime-support (3.66) ...
Setting up libpython3.12-stdlib:amd64 (3.12.13-1+jammy1) ...
Setting up python3.12 (3.12.13-1+jammy1) ...
Setting up python3.12-venv (3.12.13-1+jammy1) ...
Processing triggers for man-db (2.10.2-1) ...

Running kernel seems to be up-to-date.

No services need to be restarted.

No containers need to be restarted.

No user sessions are running outdated binaries.

No VM guests are running outdated hypervisor (qemu) binaries on this host.
Jul 25 15:02:52 torchtpu-vm systemd[1]: systemd-fsckd.service: Deactivated successfully.
+ python3.12 -m ensurepip --upgrade
Looking in links: /tmp/tmpshafiey2
Processing /tmp/tmpshafiey2/pip-25.0.1-py3-none-any.whl
Installing collected packages: pip
Successfully installed pip-25.0.1
WARNING: Running pip as the 'root' user can result in broken permissions and conflicting behaviour with the system package manager, possibly rendering your system unusable. It is recommended to use a virtual environment instead: https://pip.pypa.io/warnings/venv. Use the --root-user-action option if you know what you are doing and want to suppress this warning.
+ echo 'Fetching access token from the metadata server...'
Fetching access token from the metadata server...
+ set +x
Access token fetched.
Installing PyTorch TPU stack: torch_tpu transformers (index token masked)
Attempt 1/5: python3.12 -m pip install --pre --break-system-packages --index-url https://oauth2accesstoken:***masked***@us-python.pkg.dev/ml-oss-artifacts-transient/torch-tpu-virtual-registry/simple/ torch_tpu transformers
Looking in indexes: https://oauth2accesstoken:****@us-python.pkg.dev/ml-oss-artifacts-transient/torch-tpu-virtual-registry/simple/
ERROR: Could not find a version that satisfies the requirement torch_tpu (from versions: none)
ERROR: No matching distribution found for torch_tpu
pip install failed, retrying in 20 seconds...
Jul 25 15:02:58 torchtpu-vm ai-telemetry-collector.ai-telemetry-collector[2896]: 2026-07-25T15:02:58.235Z#011warn#011grpc@v1.81.0/clientconn.go:1534#011[core] [Channel #3 SubChannel #4] grpc: addrConn.createTransport failed to connect to {Addr: "0.0.0.0:8431", ServerName: "0.0.0.0:8431", }. Err: connection error: desc = "transport: Error while dialing: dial tcp 0.0.0.0:8431: connect: connection refused"#011{"resource": {"service.instance.id": "b15662a9-9a7e-4838-ab0b-b6e6af577fbe", "service.name": "ai-telemetry-collector", "service.version": "0.0.8"}, "grpc_log": true}
Jul 25 15:02:58 torchtpu-vm systemd[1]: systemd-hostnamed.service: Deactivated successfully.
Jul 25 15:03:02 torchtpu-vm systemd[1]: systemd-timedated.service: Deactivated successfully.

